CaseID,Mode,Round,Latency,Accuracy,Coverage,EvidenceCount,HallucinationRisk,Converged,PredPattern,SessionID,Error
CASE_001,Agentic,1,44.47866439819336,1.0,0.15384615384615385,1.0,0.0,False,心脾兩虛（暫以此證型為主要方向，現有資訊不足）,c66c0568-5ac4-4ac1-a970-3c8ce59691c7,
CASE_001,Agentic,2,35.26893353462219,1.0,0.15384615384615385,1.0,0.0,False,心脾兩虛（初步傾向）,c66c0568-5ac4-4ac1-a970-3c8ce59691c7,
CASE_001,Agentic,3,39.804707765579224,1.0,0.15384615384615385,0.0,0.0,False,心脾兩虛（初步傾向）,c66c0568-5ac4-4ac1-a970-3c8ce59691c7,
CASE_001,Agentic,4,48.98854660987854,1.0,0.23076923076923078,1.0,0.0,False,心脾兩虛（初步傾向）,c66c0568-5ac4-4ac1-a970-3c8ce59691c7,
CASE_001,Agentic,5,48.47055268287659,1.0,0.3076923076923077,0.0,0.0,False,心脾兩虛（初步傾向）,c66c0568-5ac4-4ac1-a970-3c8ce59691c7,
CASE_001,Agentic,6,41.385639667510986,1.0,0.38461538461538464,1.0,0.0,False,心脾兩虛（初步傾向）,c66c0568-5ac4-4ac1-a970-3c8ce59691c7,
CASE_001,Agentic,7,39.8330500125885,1.0,0.46153846153846156,0.0,0.0,True,心脾兩虛（初步傾向）,c66c0568-5ac4-4ac1-a970-3c8ce59691c7,
CASE_002,Agentic,1,6.974810838699341,0.0,0.0,0.0,0.0,False,,1f58eea7-e07f-4938-8257-da2f5b95577a,
CASE_002,Agentic,2,36.64549922943115,0.0,0.09090909090909091,1.0,0.0,False,心虛膽怯（初步傾向）,1f58eea7-e07f-4938-8257-da2f5b95577a,
CASE_002,Agentic,3,21.517374753952026,0.0,0.18181818181818182,0.0,0.0,False,,1f58eea7-e07f-4938-8257-da2f5b95577a,
CASE_002,Agentic,4,8.680039167404175,0.0,0.2727272727272727,0.0,0.0,False,,1f58eea7-e07f-4938-8257-da2f5b95577a,
CASE_002,Agentic,5,47.393579959869385,0.0,0.36363636363636365,2.0,0.0,False,心悸（心虛膽怯）,1f58eea7-e07f-4938-8257-da2f5b95577a,
CASE_002,Agentic,6,42.77176213264465,0.0,0.45454545454545453,2.0,0.0,False,心悸（心虛）,1f58eea7-e07f-4938-8257-da2f5b95577a,
CASE_002,Agentic,7,36.10178279876709,0.0,0.5454545454545454,2.0,0.0,True,心悸（心虛）,1f58eea7-e07f-4938-8257-da2f5b95577a,
CASE_003,Agentic,1,49.25951957702637,0.0,0.0,1.0,0.0,False,心虛或心陽虛（初步傾向）,bdd91336-d5fc-49f4-98c5-8eb8c302823a,
CASE_003,Agentic,2,33.75103831291199,0.0,0.125,1.0,0.0,False,心虛或心陽虛（初步傾向）,bdd91336-d5fc-49f4-98c5-8eb8c302823a,
CASE_003,Agentic,3,37.46160697937012,0.0,0.25,1.0,0.0,False,心虛或心陽虛（初步傾向）,bdd91336-d5fc-49f4-98c5-8eb8c302823a,
CASE_003,Agentic,4,32.73992085456848,0.0,0.375,1.0,0.0,False,心虛或心陽虛（初步傾向）,bdd91336-d5fc-49f4-98c5-8eb8c302823a,
CASE_003,Agentic,5,36.351816177368164,0.0,0.5,0.0,0.0,False,心虛或心陽虛（初步傾向）,bdd91336-d5fc-49f4-98c5-8eb8c302823a,
CASE_003,Agentic,6,39.07920718193054,0.0,0.625,0.0,0.0,False,心陽虛或心虛（初步傾向）,bdd91336-d5fc-49f4-98c5-8eb8c302823a,
CASE_003,Agentic,7,37.21301579475403,0.0,0.75,0.0,0.0,True,心陽虛或心虛（初步傾向）,bdd91336-d5fc-49f4-98c5-8eb8c302823a,
CASE_004,Agentic,1,42.549166202545166,0.0,0.0,1.0,0.0,False,心脾兩虛（初步傾向）,f6084ce0-3992-481e-8bfe-2a8afe59353f,
CASE_004,Agentic,2,49.17259645462036,0.0,0.1,1.0,0.0,False,心脾兩虛（初步傾向）,f6084ce0-3992-481e-8bfe-2a8afe59353f,
CASE_004,Agentic,3,39.72064542770386,0.0,0.2,1.0,0.0,False,心脾兩虛（初步傾向）,f6084ce0-3992-481e-8bfe-2a8afe59353f,
CASE_004,Agentic,4,37.22684288024902,0.0,0.3,1.0,0.0,False,心脾兩虛（初步傾向）,f6084ce0-3992-481e-8bfe-2a8afe59353f,
CASE_004,Agentic,5,47.16719150543213,0.0,0.4,0.0,0.0,True,心腎不交（初步傾向）,f6084ce0-3992-481e-8bfe-2a8afe59353f,
CASE_005,Agentic,1,6.6725053787231445,0.0,0.2,0.0,0.0,False,,b2e39ea8-9964-4e12-911c-8a0517ee41e5,
CASE_005,Agentic,2,6.850249290466309,0.0,0.3,0.0,0.0,False,,b2e39ea8-9964-4e12-911c-8a0517ee41e5,
CASE_005,Agentic,3,6.930622100830078,0.0,0.4,0.0,0.0,False,,b2e39ea8-9964-4e12-911c-8a0517ee41e5,
CASE_005,Agentic,4,6.91095495223999,0.0,0.5,0.0,0.0,False,,b2e39ea8-9964-4e12-911c-8a0517ee41e5,
CASE_005,Agentic,5,6.661155462265015,0.0,0.5,0.0,0.0,False,,b2e39ea8-9964-4e12-911c-8a0517ee41e5,
CASE_005,Agentic,6,6.731104373931885,0.0,0.6,0.0,0.0,False,,b2e39ea8-9964-4e12-911c-8a0517ee41e5,
CASE_005,Agentic,7,6.640978813171387,0.0,0.7,0.0,0.0,False,,b2e39ea8-9964-4e12-911c-8a0517ee41e5,
CASE_006,Agentic,1,56.27505040168762,0.0,0.18181818181818182,1.0,0.0,False,心悸（氣血不足）（初步傾向）,69ee7aea-95d3-441e-b795-1fe58bb69932,
CASE_006,Agentic,2,35.0664119720459,0.0,0.2727272727272727,0.0,0.0,False,心悸（氣血不足）（初步傾向）,69ee7aea-95d3-441e-b795-1fe58bb69932,
CASE_006,Agentic,3,37.43818283081055,0.0,0.2727272727272727,0.0,0.0,False,心悸（氣血不足）（初步傾向）,69ee7aea-95d3-441e-b795-1fe58bb69932,
CASE_006,Agentic,4,48.631733894348145,0.0,0.2727272727272727,0.0,0.0,False,心悸（氣血不足）（初步傾向）,69ee7aea-95d3-441e-b795-1fe58bb69932,
CASE_006,Agentic,5,39.377721548080444,0.0,0.36363636363636365,0.0,0.0,False,心悸（氣血不足）（初步傾向）,69ee7aea-95d3-441e-b795-1fe58bb69932,
CASE_006,Agentic,6,37.33290982246399,0.0,0.45454545454545453,0.0,0.0,False,心悸（氣血不足）（初步傾向）,69ee7aea-95d3-441e-b795-1fe58bb69932,
CASE_006,Agentic,7,32.46870279312134,0.0,0.5454545454545454,0.0,0.0,True,心悸（氣血不足）（初步傾向）,69ee7aea-95d3-441e-b795-1fe58bb69932,
CASE_007,Agentic,1,44.99028038978577,0.0,0.2222222222222222,2.0,0.0,False,腎虛（初步傾向）,f11d88b5-11ad-454f-a9ef-334acd3bc189,
CASE_007,Agentic,2,42.73413944244385,0.0,0.3333333333333333,2.0,0.0,False,腎虛（初步傾向）,f11d88b5-11ad-454f-a9ef-334acd3bc189,
CASE_007,Agentic,3,38.09349751472473,0.0,0.4444444444444444,2.0,0.0,False,腎虛（初步傾向）,f11d88b5-11ad-454f-a9ef-334acd3bc189,
CASE_007,Agentic,4,51.78873825073242,0.0,0.4444444444444444,2.0,0.0,False,腎虛（初步傾向）,f11d88b5-11ad-454f-a9ef-334acd3bc189,
CASE_007,Agentic,5,46.709758281707764,0.0,0.4444444444444444,2.0,0.0,False,腎虛（初步傾向）,f11d88b5-11ad-454f-a9ef-334acd3bc189,
CASE_007,Agentic,6,52.79996132850647,0.0,0.5555555555555556,2.0,0.0,False,腎虛（初步傾向）,f11d88b5-11ad-454f-a9ef-334acd3bc189,
CASE_007,Agentic,7,34.71491885185242,0.0,0.6666666666666666,2.0,0.0,True,腎虛（初步傾向）,f11d88b5-11ad-454f-a9ef-334acd3bc189,
CASE_008,Agentic,1,6.336020469665527,0.0,0.0,0.0,0.0,False,,1d1a22b6-354b-48a2-9d82-26150f7de282,
CASE_008,Agentic,2,8.632647514343262,0.0,0.1111111111111111,0.0,0.0,False,,1d1a22b6-354b-48a2-9d82-26150f7de282,
CASE_008,Agentic,3,29.166125059127808,0.0,0.2222222222222222,1.0,0.0,False,心悸與濕熱下注證型（初步傾向）,1d1a22b6-354b-48a2-9d82-26150f7de282,
CASE_008,Agentic,4,48.35690927505493,0.0,0.3333333333333333,1.0,0.0,False,心悸與濕熱下注證型（初步傾向）,1d1a22b6-354b-48a2-9d82-26150f7de282,
CASE_008,Agentic,5,40.37132525444031,0.0,0.4444444444444444,1.0,0.0,False,心悸與濕熱下注證型（初步傾向）,1d1a22b6-354b-48a2-9d82-26150f7de282,
CASE_008,Agentic,6,41.22084879875183,0.0,0.5555555555555556,1.0,0.0,False,心悸與濕熱下注證型（初步傾向）,1d1a22b6-354b-48a2-9d82-26150f7de282,
CASE_008,Agentic,7,38.48278570175171,0.0,0.6666666666666666,1.0,0.0,True,心悸與濕熱下注證型（初步傾向）,1d1a22b6-354b-48a2-9d82-26150f7de282,
CASE_009,Agentic,1,52.95336580276489,0.0,0.0,1.0,0.0,False,濕熱證（初步傾向）,1ebb250c-459c-4d7f-9f28-147a40bfe42d,
CASE_009,Agentic,2,41.417959451675415,0.0,0.1,1.0,0.0,False,濕熱證（初步傾向）,1ebb250c-459c-4d7f-9f28-147a40bfe42d,
CASE_009,Agentic,3,40.4228515625,0.0,0.2,1.0,0.0,False,濕熱證（初步傾向）,1ebb250c-459c-4d7f-9f28-147a40bfe42d,
CASE_009,Agentic,4,44.479854583740234,0.0,0.3,1.0,0.0,False,濕熱證（初步傾向）,1ebb250c-459c-4d7f-9f28-147a40bfe42d,
CASE_009,Agentic,5,44.61531376838684,0.0,0.4,1.0,0.0,False,濕熱證（初步傾向）,1ebb250c-459c-4d7f-9f28-147a40bfe42d,
CASE_009,Agentic,6,38.86669301986694,0.0,0.5,1.0,0.0,False,濕熱證（初步傾向）,1ebb250c-459c-4d7f-9f28-147a40bfe42d,
CASE_009,Agentic,7,43.226723194122314,0.0,0.6,1.0,0.0,True,濕熱證（初步傾向）,1ebb250c-459c-4d7f-9f28-147a40bfe42d,
CASE_010,Agentic,1,6.61494255065918,0.0,0.0,0.0,0.0,False,,2a4532ba-d9f5-4010-8d3a-d6ff7100e1c7,
CASE_010,Agentic,2,8.396430492401123,0.0,0.1111111111111111,0.0,0.0,False,,2a4532ba-d9f5-4010-8d3a-d6ff7100e1c7,
CASE_010,Agentic,3,36.13314747810364,0.0,0.2222222222222222,1.0,0.0,False,心悸（心神不寧）與氣短（心肺功能失調）初步傾向,2a4532ba-d9f5-4010-8d3a-d6ff7100e1c7,
CASE_010,Agentic,4,41.38507962226868,0.0,0.3333333333333333,1.0,0.0,False,心悸（心神不寧）與氣短（心肺功能失調）初步傾向,2a4532ba-d9f5-4010-8d3a-d6ff7100e1c7,
CASE_010,Agentic,5,38.51662993431091,0.0,0.4444444444444444,0.0,0.0,False,心悸（心神不寧）與氣短（心肺功能失調）初步傾向,2a4532ba-d9f5-4010-8d3a-d6ff7100e1c7,
CASE_010,Agentic,6,40.248857736587524,0.0,0.5555555555555556,0.0,0.0,False,心悸（心神不寧）與氣短（心肺功能失調）初步傾向,2a4532ba-d9f5-4010-8d3a-d6ff7100e1c7,
CASE_010,Agentic,7,43.75053572654724,0.0,0.6666666666666666,0.0,0.0,True,心悸（心神不寧）與氣短（心肺功能失調）初步傾向,2a4532ba-d9f5-4010-8d3a-d6ff7100e1c7,
CASE_011,Agentic,1,6.941335916519165,0.0,0.1,0.0,0.0,False,,7b862644-349d-4569-a333-ad8738446a0a,
CASE_011,Agentic,2,9.436869621276855,0.0,0.2,0.0,0.0,False,,7b862644-349d-4569-a333-ad8738446a0a,
CASE_011,Agentic,3,36.408347368240356,0.0,0.3,1.0,0.0,False,濕熱下注（帶下病）(初步傾向),7b862644-349d-4569-a333-ad8738446a0a,
CASE_011,Agentic,4,38.996885538101196,0.0,0.3,1.0,0.0,False,濕熱下注（帶下病）(初步傾向),7b862644-349d-4569-a333-ad8738446a0a,
CASE_011,Agentic,5,35.31408357620239,0.0,0.4,1.0,0.0,False,濕熱下注（帶下病）(初步傾向),7b862644-349d-4569-a333-ad8738446a0a,
CASE_011,Agentic,6,44.87910318374634,0.0,0.5,1.0,0.0,False,濕熱下注（帶下病）(初步傾向),7b862644-349d-4569-a333-ad8738446a0a,
CASE_011,Agentic,7,91.24143838882446,0.0,0.6,1.0,0.0,True,濕熱下注（帶下病）(初步傾向),7b862644-349d-4569-a333-ad8738446a0a,
CASE_012,Agentic,1,37.69757390022278,0.0,0.3,0.0,0.0,False,腎虛精虧（初步傾向）,7908fe84-1d51-437d-a6a3-f050aca21c95,
CASE_012,Agentic,2,35.360931396484375,0.0,0.4,0.0,0.0,False,腎虛精虧（初步傾向）,7908fe84-1d51-437d-a6a3-f050aca21c95,
CASE_012,Agentic,3,42.4368953704834,0.0,0.5,0.0,0.0,False,腎虛精虧（初步傾向）,7908fe84-1d51-437d-a6a3-f050aca21c95,
CASE_012,Agentic,4,38.435232639312744,0.0,0.5,0.0,0.0,True,腎虛精虧（初步傾向）,7908fe84-1d51-437d-a6a3-f050aca21c95,
CASE_013,Agentic,1,6.375833034515381,0.0,0.0,0.0,0.0,False,,1e7a394d-7e80-4604-810a-b5c94a3f343f,
CASE_013,Agentic,2,6.596811056137085,0.0,0.1,0.0,0.0,False,,1e7a394d-7e80-4604-810a-b5c94a3f343f,
CASE_013,Agentic,3,6.781702280044556,0.0,0.2,0.0,0.0,False,,1e7a394d-7e80-4604-810a-b5c94a3f343f,
CASE_013,Agentic,4,6.850621938705444,0.0,0.3,0.0,0.0,False,,1e7a394d-7e80-4604-810a-b5c94a3f343f,
CASE_013,Agentic,5,18.555610179901123,0.0,0.4,0.0,0.0,False,,1e7a394d-7e80-4604-810a-b5c94a3f343f,
CASE_013,Agentic,6,6.638839960098267,0.0,0.5,0.0,0.0,False,,1e7a394d-7e80-4604-810a-b5c94a3f343f,
CASE_013,Agentic,7,6.8374412059783936,0.0,0.6,0.0,0.0,False,,1e7a394d-7e80-4604-810a-b5c94a3f343f,
CASE_014,Agentic,1,11.708004236221313,0.0,0.1111111111111111,0.0,0.0,False,,620380b5-23c1-44bb-bba7-d3c19f698d62,
CASE_014,Agentic,2,6.63081169128418,0.0,0.2222222222222222,0.0,0.0,False,,620380b5-23c1-44bb-bba7-d3c19f698d62,
CASE_014,Agentic,3,6.656646490097046,0.0,0.2222222222222222,0.0,0.0,False,,620380b5-23c1-44bb-bba7-d3c19f698d62,
CASE_014,Agentic,4,6.674534559249878,0.0,0.3333333333333333,0.0,0.0,False,,620380b5-23c1-44bb-bba7-d3c19f698d62,
CASE_014,Agentic,5,6.850018501281738,0.0,0.4444444444444444,0.0,0.0,False,,620380b5-23c1-44bb-bba7-d3c19f698d62,
CASE_014,Agentic,6,6.7017340660095215,0.0,0.5555555555555556,0.0,0.0,False,,620380b5-23c1-44bb-bba7-d3c19f698d62,
CASE_014,Agentic,7,5.75907826423645,0.0,0.6666666666666666,0.0,0.0,False,,620380b5-23c1-44bb-bba7-d3c19f698d62,
CASE_015,Agentic,1,6.800984859466553,0.0,0.1,0.0,0.0,False,,e816adfa-3488-4ff2-ab92-782e5b9ef34d,
CASE_015,Agentic,2,9.217101573944092,0.0,0.2,0.0,0.0,False,,e816adfa-3488-4ff2-ab92-782e5b9ef34d,
CASE_015,Agentic,3,9.339003324508667,0.0,0.2,0.0,0.0,False,,e816adfa-3488-4ff2-ab92-782e5b9ef34d,
CASE_015,Agentic,4,43.67365264892578,0.0,0.3,1.0,0.0,False,心神不寧（暫以此證型為主要方向，現有資訊不足）,e816adfa-3488-4ff2-ab92-782e5b9ef34d,
CASE_015,Agentic,5,49.17790150642395,0.0,0.4,1.0,0.0,False,心神不寧（初步傾向）,e816adfa-3488-4ff2-ab92-782e5b9ef34d,
CASE_015,Agentic,6,47.48264122009277,0.0,0.5,1.0,0.0,False,心神不寧（初步傾向）,e816adfa-3488-4ff2-ab92-782e5b9ef34d,
CASE_015,Agentic,7,44.16686129570007,0.0,0.6,1.0,0.0,True,心神不寧（初步傾向）,e816adfa-3488-4ff2-ab92-782e5b9ef34d,
CASE_016,Agentic,1,65.95720624923706,0.0,0.0,1.0,0.0,False,心脾兩虛（初步傾向）,0edbf144-a5ad-421a-a318-1a26ba2a6b81,
CASE_016,Agentic,2,35.68153238296509,0.0,0.1,1.0,0.0,False,心脾兩虛（初步傾向）,0edbf144-a5ad-421a-a318-1a26ba2a6b81,
CASE_016,Agentic,3,50.121565103530884,0.0,0.2,1.0,0.0,False,心脾兩虛（初步傾向）,0edbf144-a5ad-421a-a318-1a26ba2a6b81,
CASE_016,Agentic,4,43.39565658569336,0.0,0.3,1.0,0.0,False,心脾兩虛（初步傾向）,0edbf144-a5ad-421a-a318-1a26ba2a6b81,
CASE_016,Agentic,5,42.23963689804077,0.0,0.4,1.0,0.0,False,心脾兩虛（初步傾向）,0edbf144-a5ad-421a-a318-1a26ba2a6b81,
CASE_016,Agentic,6,41.69855356216431,0.0,0.5,1.0,0.0,False,心脾兩虛（初步傾向）,0edbf144-a5ad-421a-a318-1a26ba2a6b81,
CASE_016,Agentic,7,48.58861541748047,0.0,0.6,1.0,0.0,True,心脾兩虛（初步傾向）,0edbf144-a5ad-421a-a318-1a26ba2a6b81,
CASE_017,Agentic,1,56.86784887313843,0.0,0.0,1.0,0.0,False,肝火上升（初步傾向）,fa771278-54ef-4645-b63f-047cb857b512,
CASE_017,Agentic,2,40.149805545806885,0.0,0.09090909090909091,1.0,0.0,False,肝鬱氣滯（初步傾向）,fa771278-54ef-4645-b63f-047cb857b512,
CASE_017,Agentic,3,33.78371596336365,0.0,0.18181818181818182,1.0,0.0,False,肝鬱氣滯（初步傾向）,fa771278-54ef-4645-b63f-047cb857b512,
CASE_017,Agentic,4,33.76637530326843,0.0,0.2727272727272727,1.0,0.0,False,肝鬱氣滯（初步傾向）,fa771278-54ef-4645-b63f-047cb857b512,
CASE_017,Agentic,5,34.23991107940674,0.0,0.36363636363636365,1.0,0.0,False,肝鬱氣滯（初步傾向）,fa771278-54ef-4645-b63f-047cb857b512,
CASE_017,Agentic,6,54.71921110153198,0.0,0.45454545454545453,1.0,0.0,False,肝鬱氣滯（初步傾向）,fa771278-54ef-4645-b63f-047cb857b512,
CASE_017,Agentic,7,40.9352068901062,0.0,0.5454545454545454,1.0,0.0,True,肝鬱氣滯（初步傾向）,fa771278-54ef-4645-b63f-047cb857b512,
CASE_018,Agentic,1,40.240079164505005,1.0,0.0,1.0,0.0,False,肝膽濕熱（初步傾向）,198cc21e-6e48-4927-a19f-9646da8c599a,
CASE_018,Agentic,2,37.045793294906616,1.0,0.1,0.0,0.0,False,肝膽濕熱（初步傾向）,198cc21e-6e48-4927-a19f-9646da8c599a,
CASE_018,Agentic,3,63.10306191444397,1.0,0.2,0.0,0.0,False,肝膽濕熱（初步傾向）,198cc21e-6e48-4927-a19f-9646da8c599a,
CASE_018,Agentic,4,42.06161308288574,1.0,0.3,1.0,0.0,False,肝膽濕熱（初步傾向）,198cc21e-6e48-4927-a19f-9646da8c599a,
CASE_018,Agentic,5,38.760042667388916,1.0,0.4,0.0,0.0,False,肝膽濕熱（初步傾向）,198cc21e-6e48-4927-a19f-9646da8c599a,
CASE_018,Agentic,6,38.738523960113525,1.0,0.5,0.0,0.0,False,肝膽濕熱（初步傾向）,198cc21e-6e48-4927-a19f-9646da8c599a,
CASE_018,Agentic,7,40.35040211677551,1.0,0.6,0.0,0.0,True,肝膽濕熱（初步傾向）,198cc21e-6e48-4927-a19f-9646da8c599a,
CASE_019,Agentic,1,55.12063813209534,0.0,0.0,1.0,0.0,False,肝腎虧虛、寒濕痹阻（初步傾向）,8d09796e-8d7e-45db-994f-ebcd64f8024b,
CASE_019,Agentic,2,40.608556509017944,0.0,0.1111111111111111,1.0,0.0,False,肝腎虧虛、寒濕痹阻（初步傾向）,8d09796e-8d7e-45db-994f-ebcd64f8024b,
CASE_019,Agentic,3,44.54540419578552,0.0,0.2222222222222222,1.0,0.0,False,肝腎虧虛、寒濕痹阻（初步傾向）,8d09796e-8d7e-45db-994f-ebcd64f8024b,
CASE_019,Agentic,4,38.641422748565674,0.0,0.3333333333333333,1.0,0.0,False,肝腎虧虛、寒濕痹阻（初步傾向）,8d09796e-8d7e-45db-994f-ebcd64f8024b,
CASE_019,Agentic,5,36.02718448638916,0.0,0.4444444444444444,1.0,0.0,False,肝腎虧虛、寒濕痹阻（初步傾向）,8d09796e-8d7e-45db-994f-ebcd64f8024b,
CASE_019,Agentic,6,48.330172300338745,0.0,0.5555555555555556,1.0,0.0,False,肝腎虧虛、寒濕痹阻（初步傾向）,8d09796e-8d7e-45db-994f-ebcd64f8024b,
CASE_019,Agentic,7,38.436893701553345,0.0,0.6666666666666666,1.0,0.0,True,肝腎虧虛、寒濕痹阻（初步傾向）,8d09796e-8d7e-45db-994f-ebcd64f8024b,
CASE_020,Agentic,1,36.66901230812073,0.0,0.0,1.0,0.0,False,心脾兩虛（初步傾向）,fe976182-0c9d-4a18-ac93-2472459cc268,
CASE_020,Agentic,2,39.70693564414978,0.0,0.1,0.0,0.0,False,心脾兩虛（初步傾向）,fe976182-0c9d-4a18-ac93-2472459cc268,
CASE_020,Agentic,3,42.00810360908508,0.0,0.2,0.0,0.0,False,心脾兩虛（初步傾向）,fe976182-0c9d-4a18-ac93-2472459cc268,
CASE_020,Agentic,4,52.163132190704346,0.0,0.3,0.0,0.0,False,心脾兩虛（初步傾向）,fe976182-0c9d-4a18-ac93-2472459cc268,
CASE_020,Agentic,5,43.789408445358276,0.0,0.4,0.0,0.0,False,心脾兩虛（初步傾向）,fe976182-0c9d-4a18-ac93-2472459cc268,
CASE_020,Agentic,6,43.71302127838135,0.0,0.5,0.0,0.0,False,心脾兩虛（初步傾向）,fe976182-0c9d-4a18-ac93-2472459cc268,
CASE_020,Agentic,7,33.752479553222656,0.0,0.6,0.0,0.0,True,心脾兩虛（初步傾向）,fe976182-0c9d-4a18-ac93-2472459cc268,
CASE_021,Agentic,1,52.58747696876526,0.0,0.0,1.0,0.0,False,帶下病（濕熱下注）（暫以此證型為主要方向，現有資訊不足）,ad8007a6-8721-4c10-9fb2-ffceacc688da,
CASE_021,Agentic,2,40.42403531074524,0.0,0.125,1.0,0.0,False,帶下病（濕熱下注）（初步傾向）,ad8007a6-8721-4c10-9fb2-ffceacc688da,
CASE_021,Agentic,3,70.14421224594116,0.0,0.25,1.0,0.0,False,帶下病（濕熱下注）（初步傾向）,ad8007a6-8721-4c10-9fb2-ffceacc688da,
CASE_021,Agentic,4,34.05682134628296,0.0,0.375,1.0,0.0,False,帶下病（濕熱下注）（初步傾向）,ad8007a6-8721-4c10-9fb2-ffceacc688da,
CASE_021,Agentic,5,37.651604652404785,0.0,0.5,1.0,0.0,False,帶下病（濕熱下注）（初步傾向）,ad8007a6-8721-4c10-9fb2-ffceacc688da,
CASE_021,Agentic,6,43.9543251991272,0.0,0.625,0.0,0.0,False,帶下病（濕熱下注）（初步傾向）,ad8007a6-8721-4c10-9fb2-ffceacc688da,
CASE_021,Agentic,7,35.939714431762695,0.0,0.75,0.0,0.0,True,帶下病（濕熱下注）（初步傾向）,ad8007a6-8721-4c10-9fb2-ffceacc688da,
CASE_022,Agentic,1,6.787165641784668,0.0,0.0,0.0,0.0,False,,295dc84e-424a-4ca9-ac47-cefa43473d31,
CASE_022,Agentic,2,6.960459470748901,0.0,0.1111111111111111,0.0,0.0,False,,295dc84e-424a-4ca9-ac47-cefa43473d31,
CASE_022,Agentic,3,6.596585988998413,0.0,0.2222222222222222,0.0,0.0,False,,295dc84e-424a-4ca9-ac47-cefa43473d31,
CASE_022,Agentic,4,6.70685887336731,0.0,0.3333333333333333,0.0,0.0,False,,295dc84e-424a-4ca9-ac47-cefa43473d31,
CASE_022,Agentic,5,6.7214930057525635,0.0,0.4444444444444444,0.0,0.0,False,,295dc84e-424a-4ca9-ac47-cefa43473d31,
CASE_022,Agentic,6,7.176616430282593,0.0,0.5555555555555556,0.0,0.0,False,,295dc84e-424a-4ca9-ac47-cefa43473d31,
CASE_022,Agentic,7,8.78853464126587,0.0,0.6666666666666666,0.0,0.0,False,,295dc84e-424a-4ca9-ac47-cefa43473d31,
CASE_023,Agentic,1,6.7494025230407715,0.0,0.2,0.0,0.0,False,,57e1162c-731f-477d-aa24-ed3ad22cf652,
CASE_023,Agentic,2,7.5196661949157715,0.0,0.2,0.0,0.0,False,,57e1162c-731f-477d-aa24-ed3ad22cf652,
CASE_023,Agentic,3,6.747222661972046,0.0,0.3,0.0,0.0,False,,57e1162c-731f-477d-aa24-ed3ad22cf652,
CASE_023,Agentic,4,6.654939413070679,0.0,0.4,0.0,0.0,False,,57e1162c-731f-477d-aa24-ed3ad22cf652,
CASE_023,Agentic,5,7.0282347202301025,0.0,0.4,0.0,0.0,False,,57e1162c-731f-477d-aa24-ed3ad22cf652,
CASE_023,Agentic,6,9.480921030044556,0.0,0.5,0.0,0.0,False,,57e1162c-731f-477d-aa24-ed3ad22cf652,
CASE_023,Agentic,7,40.67611265182495,0.0,0.6,1.0,0.0,True,帶下病（濕熱下注）（初步傾向）,57e1162c-731f-477d-aa24-ed3ad22cf652,
CASE_024,Agentic,1,36.782472372055054,0.0,0.1111111111111111,1.0,0.0,False,血虛氣滯（初步傾向）,6041711c-5988-4318-91fd-2db582044291,
CASE_024,Agentic,2,38.49869465827942,0.0,0.2222222222222222,1.0,0.0,False,血虛氣滯（初步傾向）,6041711c-5988-4318-91fd-2db582044291,
CASE_024,Agentic,3,38.06581258773804,0.0,0.3333333333333333,1.0,0.0,False,血虛氣滯（初步傾向）,6041711c-5988-4318-91fd-2db582044291,
CASE_024,Agentic,4,35.05575895309448,0.0,0.4444444444444444,1.0,0.0,False,血虛氣滯（初步傾向）,6041711c-5988-4318-91fd-2db582044291,
CASE_024,Agentic,5,36.748040437698364,0.0,0.4444444444444444,1.0,0.0,False,血虛氣滯（初步傾向）,6041711c-5988-4318-91fd-2db582044291,
CASE_024,Agentic,6,45.88332509994507,0.0,0.5555555555555556,1.0,0.0,False,血虛氣滯（初步傾向）,6041711c-5988-4318-91fd-2db582044291,
CASE_024,Agentic,7,42.76489996910095,0.0,0.6666666666666666,0.0,0.0,True,血虛氣滯（初步傾向）,6041711c-5988-4318-91fd-2db582044291,
CASE_025,Agentic,1,34.99646234512329,0.0,0.0,1.0,0.0,False,血虛氣滯證（初步傾向）,7e30da02-c1b1-4a8c-9d65-e53800ab6353,
CASE_025,Agentic,2,45.74548840522766,0.0,0.1111111111111111,1.0,0.0,False,血虛氣滯證（初步傾向）,7e30da02-c1b1-4a8c-9d65-e53800ab6353,
CASE_025,Agentic,3,53.8018012046814,0.0,0.2222222222222222,1.0,0.0,False,血虛氣滯證（初步傾向）,7e30da02-c1b1-4a8c-9d65-e53800ab6353,
CASE_025,Agentic,4,40.94344615936279,0.0,0.3333333333333333,1.0,0.0,False,血虛氣滯證（初步傾向）,7e30da02-c1b1-4a8c-9d65-e53800ab6353,
CASE_025,Agentic,5,42.920079469680786,0.0,0.4444444444444444,1.0,0.0,False,血虛氣滯證（初步傾向）,7e30da02-c1b1-4a8c-9d65-e53800ab6353,
CASE_025,Agentic,6,39.9719455242157,0.0,0.5555555555555556,0.0,0.0,False,血虛氣滯證（初步傾向）,7e30da02-c1b1-4a8c-9d65-e53800ab6353,
CASE_025,Agentic,7,49.04850625991821,0.0,0.6666666666666666,0.0,0.0,True,血虛氣滯證（初步傾向）,7e30da02-c1b1-4a8c-9d65-e53800ab6353,
CASE_026,Agentic,1,48.00245714187622,0.0,0.0,1.0,0.0,False,血虛氣滯（初步傾向）,bf15dde2-8515-4ca1-b471-c3f06a65f5a3,
CASE_026,Agentic,2,32.196173667907715,0.0,0.1111111111111111,0.0,0.0,False,血虛氣滯（初步傾向）,bf15dde2-8515-4ca1-b471-c3f06a65f5a3,
CASE_026,Agentic,3,40.95252060890198,0.0,0.2222222222222222,0.0,0.0,False,血虛氣滯（初步傾向）,bf15dde2-8515-4ca1-b471-c3f06a65f5a3,
CASE_026,Agentic,4,44.71292972564697,0.0,0.3333333333333333,0.0,0.0,False,血虛氣滯（初步傾向）,bf15dde2-8515-4ca1-b471-c3f06a65f5a3,
CASE_026,Agentic,5,49.3706476688385,0.0,0.4444444444444444,0.0,0.0,False,血虛氣滯（初步傾向）,bf15dde2-8515-4ca1-b471-c3f06a65f5a3,
CASE_026,Agentic,6,65.62761783599854,0.0,0.5555555555555556,0.0,0.0,False,血虛氣滯（初步傾向）,bf15dde2-8515-4ca1-b471-c3f06a65f5a3,
CASE_026,Agentic,7,32.478113889694214,0.0,0.6666666666666666,0.0,0.0,True,血虛氣滯（初步傾向）,bf15dde2-8515-4ca1-b471-c3f06a65f5a3,
CASE_027,Agentic,1,6.62454891204834,0.0,0.0,0.0,0.0,False,,392ab118-aee8-4c89-9547-e0ef260c1797,
CASE_027,Agentic,2,6.809293985366821,0.0,0.125,0.0,0.0,False,,392ab118-aee8-4c89-9547-e0ef260c1797,
CASE_027,Agentic,3,7.445400714874268,0.0,0.25,0.0,0.0,False,,392ab118-aee8-4c89-9547-e0ef260c1797,
CASE_027,Agentic,4,9.600160360336304,0.0,0.375,0.0,0.0,False,,392ab118-aee8-4c89-9547-e0ef260c1797,
CASE_027,Agentic,5,38.054142475128174,0.0,0.5,1.0,0.0,False,濕熱下注（初步傾向）,392ab118-aee8-4c89-9547-e0ef260c1797,
CASE_027,Agentic,6,10.109130144119263,0.0,0.625,0.0,0.0,False,,392ab118-aee8-4c89-9547-e0ef260c1797,
CASE_027,Agentic,7,42.87960886955261,0.0,0.75,1.0,0.0,True,心脈失調（濕熱下注）(初步傾向),392ab118-aee8-4c89-9547-e0ef260c1797,
CASE_028,Agentic,1,39.96196007728577,0.0,0.0,2.0,0.0,False,腎虛（初步傾向）,2e3cc856-6a0a-4bee-ac40-2163a4128686,
CASE_028,Agentic,2,40.12259888648987,0.0,0.125,2.0,0.0,False,腎虛（初步傾向）,2e3cc856-6a0a-4bee-ac40-2163a4128686,
CASE_028,Agentic,3,45.443005084991455,0.0,0.25,1.0,0.0,False,腎虛（初步傾向）,2e3cc856-6a0a-4bee-ac40-2163a4128686,
CASE_028,Agentic,4,38.24317026138306,0.0,0.375,2.0,0.0,False,腎虛（初步傾向）,2e3cc856-6a0a-4bee-ac40-2163a4128686,
CASE_028,Agentic,5,50.299819469451904,0.0,0.5,1.0,0.0,False,腎虛（初步傾向）,2e3cc856-6a0a-4bee-ac40-2163a4128686,
CASE_028,Agentic,6,41.44844365119934,0.0,0.625,1.0,0.0,False,腎虛（初步傾向）,2e3cc856-6a0a-4bee-ac40-2163a4128686,
CASE_028,Agentic,7,42.62552762031555,0.0,0.75,1.0,0.0,True,腎虛（初步傾向）,2e3cc856-6a0a-4bee-ac40-2163a4128686,
CASE_029,Agentic,1,6.786163091659546,0.0,0.0,0.0,0.0,False,,59edd8b2-93b4-4c77-a07f-a9a4fb5c7f4c,
CASE_029,Agentic,2,7.208907842636108,0.0,0.1,0.0,0.0,False,,59edd8b2-93b4-4c77-a07f-a9a4fb5c7f4c,
CASE_029,Agentic,3,6.585885763168335,0.0,0.2,0.0,0.0,False,,59edd8b2-93b4-4c77-a07f-a9a4fb5c7f4c,
CASE_029,Agentic,4,6.880106210708618,0.0,0.3,0.0,0.0,False,,59edd8b2-93b4-4c77-a07f-a9a4fb5c7f4c,
CASE_029,Agentic,5,6.961334705352783,0.0,0.4,0.0,0.0,False,,59edd8b2-93b4-4c77-a07f-a9a4fb5c7f4c,
CASE_029,Agentic,6,9.49007272720337,0.0,0.5,0.0,0.0,False,,59edd8b2-93b4-4c77-a07f-a9a4fb5c7f4c,
CASE_029,Agentic,7,9.039306879043579,0.0,0.6,0.0,0.0,False,,59edd8b2-93b4-4c77-a07f-a9a4fb5c7f4c,
CASE_030,Agentic,1,56.81532168388367,0.0,0.0,0.0,0.0,True,心火上炎（初步傾向）,8fb180a0-6543-4a76-841c-8daa39151e98,
CASE_031,Agentic,1,39.283774852752686,0.0,0.0,1.0,0.0,False,胃痛（脾胃虛弱）(暫以此證型為主要方向，現有資訊不足),19702d25-fc9f-44e4-bf21-e9d533187db2,
CASE_031,Agentic,2,36.49183917045593,0.0,0.1,1.0,0.0,False,胃痛（脾胃虛弱）(初步傾向),19702d25-fc9f-44e4-bf21-e9d533187db2,
CASE_031,Agentic,3,35.88085150718689,0.0,0.2,1.0,0.0,False,胃痛（脾胃虛弱）(初步傾向),19702d25-fc9f-44e4-bf21-e9d533187db2,
CASE_031,Agentic,4,53.16124963760376,0.0,0.3,1.0,0.0,False,胃痛（脾胃虛弱）(初步傾向),19702d25-fc9f-44e4-bf21-e9d533187db2,
CASE_031,Agentic,5,39.29521703720093,0.0,0.4,1.0,0.0,False,胃痛（脾胃虛弱）(初步傾向),19702d25-fc9f-44e4-bf21-e9d533187db2,
CASE_031,Agentic,6,57.157551765441895,0.0,0.5,0.0,0.0,False,胃痛（脾胃虛弱）(初步傾向),19702d25-fc9f-44e4-bf21-e9d533187db2,
CASE_031,Agentic,7,43.46987056732178,0.0,0.6,0.0,0.0,True,胃痛（脾胃虛弱）(初步傾向),19702d25-fc9f-44e4-bf21-e9d533187db2,
CASE_032,Agentic,1,42.587393283843994,0.0,0.0,2.0,0.0,False,脾虛（初步傾向）,623da1b4-ffcf-4c01-972d-92f069025d1a,
CASE_032,Agentic,2,39.94133234024048,0.0,0.125,1.0,0.0,False,脾虛（初步傾向）,623da1b4-ffcf-4c01-972d-92f069025d1a,
CASE_032,Agentic,3,48.1853449344635,0.0,0.25,1.0,0.0,False,脾虛（初步傾向）,623da1b4-ffcf-4c01-972d-92f069025d1a,
CASE_032,Agentic,4,47.763060569763184,0.0,0.375,1.0,0.0,False,脾虛（初步傾向）,623da1b4-ffcf-4c01-972d-92f069025d1a,
CASE_032,Agentic,5,39.66541862487793,0.0,0.5,1.0,0.0,False,脾虛（初步傾向）,623da1b4-ffcf-4c01-972d-92f069025d1a,
CASE_032,Agentic,6,38.84015417098999,0.0,0.625,1.0,0.0,False,脾虛（初步傾向）,623da1b4-ffcf-4c01-972d-92f069025d1a,
CASE_032,Agentic,7,47.369611978530884,0.0,0.75,1.0,0.0,True,脾虛（初步傾向）,623da1b4-ffcf-4c01-972d-92f069025d1a,
CASE_033,Agentic,1,34.6063346862793,0.0,0.0,1.0,0.0,False,暫以脾氣虛為主要方向，現有資訊不足,b94639db-7c0a-42a0-b7e7-b377e494cce9,
CASE_033,Agentic,2,45.77868723869324,0.0,0.125,1.0,0.0,False,脾氣虛（初步傾向）,b94639db-7c0a-42a0-b7e7-b377e494cce9,
CASE_033,Agentic,3,68.7539393901825,0.0,0.25,1.0,0.0,False,脾氣虛（初步傾向）,b94639db-7c0a-42a0-b7e7-b377e494cce9,
CASE_033,Agentic,4,43.568971395492554,0.0,0.375,1.0,0.0,False,脾氣虛（初步傾向）,b94639db-7c0a-42a0-b7e7-b377e494cce9,
CASE_033,Agentic,5,54.58697056770325,0.0,0.5,1.0,0.0,False,脾氣虛（初步傾向）,b94639db-7c0a-42a0-b7e7-b377e494cce9,
CASE_033,Agentic,6,54.539554834365845,0.0,0.625,1.0,0.0,False,脾氣虛（初步傾向）,b94639db-7c0a-42a0-b7e7-b377e494cce9,
CASE_033,Agentic,7,36.72285532951355,0.0,0.75,1.0,0.0,True,脾氣虛（初步傾向）,b94639db-7c0a-42a0-b7e7-b377e494cce9,
CASE_034,Agentic,1,6.3303656578063965,0.0,0.0,0.0,0.0,False,,cbb1798d-9937-4c8f-bb75-bd1f922c15fb,
CASE_034,Agentic,2,6.6705098152160645,0.0,0.1111111111111111,0.0,0.0,False,,cbb1798d-9937-4c8f-bb75-bd1f922c15fb,
CASE_034,Agentic,3,6.537289142608643,0.0,0.2222222222222222,0.0,0.0,False,,cbb1798d-9937-4c8f-bb75-bd1f922c15fb,
CASE_034,Agentic,4,5.947987794876099,0.0,0.3333333333333333,0.0,0.0,False,,cbb1798d-9937-4c8f-bb75-bd1f922c15fb,
CASE_034,Agentic,5,6.606041669845581,0.0,0.4444444444444444,0.0,0.0,False,,cbb1798d-9937-4c8f-bb75-bd1f922c15fb,
CASE_034,Agentic,6,6.743973970413208,0.0,0.5555555555555556,0.0,0.0,False,,cbb1798d-9937-4c8f-bb75-bd1f922c15fb,
CASE_034,Agentic,7,6.669733285903931,0.0,0.6666666666666666,0.0,0.0,False,,cbb1798d-9937-4c8f-bb75-bd1f922c15fb,
CASE_035,Agentic,1,6.68316650390625,0.0,0.0,0.0,0.0,False,,a549a182-434c-4870-b67e-15ee688ecc8f,
CASE_035,Agentic,2,8.962912559509277,0.0,0.1111111111111111,0.0,0.0,False,,a549a182-434c-4870-b67e-15ee688ecc8f,
CASE_035,Agentic,3,8.886829376220703,0.0,0.2222222222222222,0.0,0.0,False,,a549a182-434c-4870-b67e-15ee688ecc8f,
CASE_035,Agentic,4,9.234040021896362,0.0,0.3333333333333333,0.0,0.0,False,,a549a182-434c-4870-b67e-15ee688ecc8f,
CASE_035,Agentic,5,17.423367500305176,0.0,0.4444444444444444,0.0,0.0,False,,a549a182-434c-4870-b67e-15ee688ecc8f,
CASE_035,Agentic,6,44.19509959220886,0.0,0.5555555555555556,1.0,0.0,False,脾虛氣虛（初步傾向）,a549a182-434c-4870-b67e-15ee688ecc8f,
CASE_035,Agentic,7,50.65217137336731,0.0,0.6666666666666666,0.0,0.0,True,脾虛濕困（初步傾向）,a549a182-434c-4870-b67e-15ee688ecc8f,
CASE_036,Agentic,1,34.2152464389801,0.0,0.0,0.0,0.0,False,濕熱下注（初步傾向）,5b055ec6-605d-400a-966a-271b2f78e506,
CASE_036,Agentic,2,34.64420485496521,0.0,0.1111111111111111,0.0,0.0,False,濕熱下注（初步傾向）,5b055ec6-605d-400a-966a-271b2f78e506,
CASE_036,Agentic,3,44.435476541519165,0.0,0.2222222222222222,0.0,0.0,False,濕熱下注（初步傾向）,5b055ec6-605d-400a-966a-271b2f78e506,
CASE_036,Agentic,4,42.137561321258545,0.0,0.3333333333333333,0.0,0.0,False,濕熱下注（初步傾向）,5b055ec6-605d-400a-966a-271b2f78e506,
CASE_036,Agentic,5,36.45857238769531,0.0,0.4444444444444444,0.0,0.0,False,濕熱下注（初步傾向）,5b055ec6-605d-400a-966a-271b2f78e506,
CASE_036,Agentic,6,40.53817653656006,0.0,0.5555555555555556,0.0,0.0,False,濕熱下注（初步傾向）,5b055ec6-605d-400a-966a-271b2f78e506,
CASE_036,Agentic,7,39.95874071121216,0.0,0.6666666666666666,0.0,0.0,True,濕熱下注（初步傾向）,5b055ec6-605d-400a-966a-271b2f78e506,
CASE_037,Agentic,1,6.538351535797119,0.0,0.1111111111111111,0.0,0.0,False,,d71e04ee-b117-4ef7-a3ad-a537daaeee1e,
CASE_037,Agentic,2,6.632587194442749,0.0,0.2222222222222222,0.0,0.0,False,,d71e04ee-b117-4ef7-a3ad-a537daaeee1e,
CASE_037,Agentic,3,6.9832165241241455,0.0,0.3333333333333333,0.0,0.0,False,,d71e04ee-b117-4ef7-a3ad-a537daaeee1e,
CASE_037,Agentic,4,6.66880202293396,0.0,0.4444444444444444,0.0,0.0,False,,d71e04ee-b117-4ef7-a3ad-a537daaeee1e,
CASE_037,Agentic,5,52.908910274505615,0.0,0.5555555555555556,1.0,0.0,False,氣虛血虧（初步傾向）,d71e04ee-b117-4ef7-a3ad-a537daaeee1e,
CASE_037,Agentic,6,57.425824880599976,0.0,0.5555555555555556,1.0,0.0,False,氣虛血虧（初步傾向）,d71e04ee-b117-4ef7-a3ad-a537daaeee1e,
CASE_037,Agentic,7,37.366169929504395,0.0,0.6666666666666666,1.0,0.0,True,氣虛血虧（初步傾向）,d71e04ee-b117-4ef7-a3ad-a537daaeee1e,
CASE_038,Agentic,1,36.97494387626648,0.0,0.0,0.0,0.0,False,胃腸失調（暫以脾虛或胃火上炎為主要方向）,589f2a82-ae9b-4952-a076-26017fac5982,
CASE_038,Agentic,2,36.873480796813965,0.0,0.125,0.0,0.0,False,胃腸失調（暫以脾虛或胃火上炎為主要方向）,589f2a82-ae9b-4952-a076-26017fac5982,
CASE_038,Agentic,3,41.2461302280426,0.0,0.25,0.0,0.0,False,胃腸失調（暫以脾虛或胃火上炎為主要方向）,589f2a82-ae9b-4952-a076-26017fac5982,
CASE_038,Agentic,4,39.0909743309021,0.0,0.375,0.0,0.0,False,胃腸失調（暫以脾虛或胃火上炎為主要方向）,589f2a82-ae9b-4952-a076-26017fac5982,
CASE_038,Agentic,5,38.258161306381226,0.0,0.5,0.0,0.0,False,胃腸失調（暫以脾虛或胃火上炎為主要方向）,589f2a82-ae9b-4952-a076-26017fac5982,
CASE_038,Agentic,6,38.09382653236389,0.0,0.625,0.0,0.0,False,胃腸失調（暫以脾虛或胃火上炎為主要方向）,589f2a82-ae9b-4952-a076-26017fac5982,
CASE_038,Agentic,7,37.60628795623779,0.0,0.75,0.0,0.0,True,胃腸失調（暫以脾虛或胃火上炎為主要方向）,589f2a82-ae9b-4952-a076-26017fac5982,
CASE_039,Agentic,1,35.801878690719604,0.0,0.0,1.0,0.0,False,肺陰虛（虛寒證型）(初步傾向),dffebb4e-a280-44d7-9bf2-fcba05dab6ed,
CASE_039,Agentic,2,36.72821640968323,0.0,0.1111111111111111,0.0,0.0,False,肺陰虛（虛寒證型）(初步傾向),dffebb4e-a280-44d7-9bf2-fcba05dab6ed,
CASE_039,Agentic,3,44.41948676109314,0.0,0.2222222222222222,0.0,0.0,False,肺陰虛（虛寒證型）(初步傾向),dffebb4e-a280-44d7-9bf2-fcba05dab6ed,
CASE_039,Agentic,4,39.47179341316223,0.0,0.3333333333333333,0.0,0.0,False,肺陰虛（虛寒證型）(初步傾向),dffebb4e-a280-44d7-9bf2-fcba05dab6ed,
CASE_039,Agentic,5,37.700342655181885,0.0,0.4444444444444444,0.0,0.0,False,肺陰虛（虛寒證型）(初步傾向),dffebb4e-a280-44d7-9bf2-fcba05dab6ed,
CASE_039,Agentic,6,40.81216216087341,0.0,0.5555555555555556,0.0,0.0,False,肺陰虛（虛寒證型）(初步傾向),dffebb4e-a280-44d7-9bf2-fcba05dab6ed,
CASE_039,Agentic,7,37.39153027534485,0.0,0.6666666666666666,0.0,0.0,True,肺陰虛（虛寒證型）(初步傾向),dffebb4e-a280-44d7-9bf2-fcba05dab6ed,
CASE_040,Agentic,1,36.35956931114197,0.0,0.0,2.0,0.0,False,脾氣虛（初步傾向）,5d17a973-2185-42c1-9dd5-5df8dbfc4b52,
CASE_040,Agentic,2,36.30894923210144,0.0,0.1111111111111111,2.0,0.0,False,脾氣虛（初步傾向）,5d17a973-2185-42c1-9dd5-5df8dbfc4b52,
CASE_040,Agentic,3,37.0984365940094,0.0,0.2222222222222222,2.0,0.0,False,脾氣虛（初步傾向）,5d17a973-2185-42c1-9dd5-5df8dbfc4b52,
CASE_040,Agentic,4,34.18400502204895,0.0,0.3333333333333333,2.0,0.0,False,脾氣虛（初步傾向）,5d17a973-2185-42c1-9dd5-5df8dbfc4b52,
CASE_040,Agentic,5,40.27804136276245,0.0,0.4444444444444444,1.0,0.0,False,脾氣虛（初步傾向）,5d17a973-2185-42c1-9dd5-5df8dbfc4b52,
CASE_040,Agentic,6,36.53175234794617,0.0,0.5555555555555556,2.0,0.0,False,脾氣虛（初步傾向）,5d17a973-2185-42c1-9dd5-5df8dbfc4b52,
CASE_040,Agentic,7,36.135780811309814,0.0,0.6666666666666666,1.0,0.0,True,脾氣虛（初步傾向）,5d17a973-2185-42c1-9dd5-5df8dbfc4b52,
CASE_041,Agentic,1,6.914504051208496,0.0,0.0,0.0,0.0,False,,6b0e5409-f93f-42a8-9a19-2a0da32f6edb,
CASE_041,Agentic,2,18.121597290039062,0.0,0.1111111111111111,0.0,0.0,False,,6b0e5409-f93f-42a8-9a19-2a0da32f6edb,
CASE_041,Agentic,3,7.205172777175903,0.0,0.2222222222222222,0.0,0.0,False,,6b0e5409-f93f-42a8-9a19-2a0da32f6edb,
CASE_041,Agentic,4,8.688419580459595,0.0,0.3333333333333333,0.0,0.0,False,,6b0e5409-f93f-42a8-9a19-2a0da32f6edb,
CASE_041,Agentic,5,8.812448024749756,0.0,0.4444444444444444,0.0,0.0,False,,6b0e5409-f93f-42a8-9a19-2a0da32f6edb,
CASE_041,Agentic,6,35.30659198760986,0.0,0.5555555555555556,1.0,0.0,False,濕熱下注（暫以此證型為主要方向，現有資訊不足）,6b0e5409-f93f-42a8-9a19-2a0da32f6edb,
CASE_041,Agentic,7,44.432639598846436,0.0,0.6666666666666666,1.0,0.0,True,濕熱下注（初步傾向）,6b0e5409-f93f-42a8-9a19-2a0da32f6edb,
CASE_042,Agentic,1,6.401105165481567,0.0,0.0,0.0,0.0,False,,68b8c6cb-d541-4595-85fa-cbcaddfd14ac,
CASE_042,Agentic,2,6.596241474151611,0.0,0.1111111111111111,0.0,0.0,False,,68b8c6cb-d541-4595-85fa-cbcaddfd14ac,
CASE_042,Agentic,3,6.427546501159668,0.0,0.2222222222222222,0.0,0.0,False,,68b8c6cb-d541-4595-85fa-cbcaddfd14ac,
CASE_042,Agentic,4,6.583192586898804,0.0,0.3333333333333333,0.0,0.0,False,,68b8c6cb-d541-4595-85fa-cbcaddfd14ac,
CASE_042,Agentic,5,7.137568473815918,0.0,0.4444444444444444,0.0,0.0,False,,68b8c6cb-d541-4595-85fa-cbcaddfd14ac,
CASE_042,Agentic,6,6.806756973266602,0.0,0.5555555555555556,0.0,0.0,False,,68b8c6cb-d541-4595-85fa-cbcaddfd14ac,
CASE_042,Agentic,7,6.7870025634765625,0.0,0.6666666666666666,0.0,0.0,False,,68b8c6cb-d541-4595-85fa-cbcaddfd14ac,
CASE_043,Agentic,1,7.0387282371521,0.0,0.0,0.0,0.0,False,,af8640cd-499e-4bc2-bdaf-02a035859eef,
CASE_043,Agentic,2,,,,,,,,af8640cd-499e-4bc2-bdaf-02a035859eef,"{'detail': {'message': '輸入內容違反系統安全政策，請重新嘗試。', 'error': 'L1_GATE_REJECT', 'security_checks': {'l1_flags': []}, 'l1_flags': []}}"
CASE_044,Agentic,1,6.803950548171997,0.0,0.0,0.0,0.0,False,,a6bb5dcb-3197-4770-a06b-38a1dde314d2,
CASE_044,Agentic,2,6.68863320350647,0.0,0.125,0.0,0.0,False,,a6bb5dcb-3197-4770-a06b-38a1dde314d2,
CASE_044,Agentic,3,6.888361930847168,0.0,0.25,0.0,0.0,False,,a6bb5dcb-3197-4770-a06b-38a1dde314d2,
CASE_044,Agentic,4,7.000745058059692,0.0,0.375,0.0,0.0,False,,a6bb5dcb-3197-4770-a06b-38a1dde314d2,
CASE_044,Agentic,5,6.892337322235107,0.0,0.5,0.0,0.0,False,,a6bb5dcb-3197-4770-a06b-38a1dde314d2,
CASE_044,Agentic,6,6.636204481124878,0.0,0.625,0.0,0.0,False,,a6bb5dcb-3197-4770-a06b-38a1dde314d2,
CASE_044,Agentic,7,8.688666105270386,0.0,0.75,0.0,0.0,False,,a6bb5dcb-3197-4770-a06b-38a1dde314d2,
CASE_045,Agentic,1,6.647427558898926,0.0,0.0,0.0,0.0,False,,30fa32cf-f8b3-4bc5-ba58-e6d7a642534a,
CASE_045,Agentic,2,6.583726167678833,0.0,0.125,0.0,0.0,False,,30fa32cf-f8b3-4bc5-ba58-e6d7a642534a,
CASE_045,Agentic,3,6.598782777786255,0.0,0.25,0.0,0.0,False,,30fa32cf-f8b3-4bc5-ba58-e6d7a642534a,
CASE_045,Agentic,4,6.49597430229187,0.0,0.375,0.0,0.0,False,,30fa32cf-f8b3-4bc5-ba58-e6d7a642534a,
CASE_045,Agentic,5,41.71054005622864,0.0,0.5,1.0,0.0,False,濕熱下注（帶下病）初步傾向,30fa32cf-f8b3-4bc5-ba58-e6d7a642534a,
CASE_045,Agentic,6,49.30201482772827,0.0,0.625,1.0,0.0,False,濕熱下注（帶下病）初步傾向,30fa32cf-f8b3-4bc5-ba58-e6d7a642534a,
CASE_045,Agentic,7,40.334927558898926,0.0,0.75,1.0,0.0,True,濕熱下注（帶下病）初步傾向,30fa32cf-f8b3-4bc5-ba58-e6d7a642534a,
CASE_046,Agentic,1,39.05738973617554,0.0,0.0,1.0,0.0,True,氣虛血虛（初步傾向）,a19d4a69-5197-4172-82fa-60b7ff8c55cb,
CASE_047,Agentic,1,55.749252796173096,0.0,0.0,1.0,0.0,False,暫以水濕或陽虛證型為主要方向，現有資訊不足,8754b980-0fb2-4547-b88d-6aad93710ab8,
CASE_047,Agentic,2,36.99461770057678,0.0,0.1111111111111111,1.0,0.0,False,暫以水濕或陽虛證型為主要方向，現有資訊不足,8754b980-0fb2-4547-b88d-6aad93710ab8,
CASE_047,Agentic,3,51.15704011917114,0.0,0.2222222222222222,1.0,0.0,False,水濕或陽虛證型（初步傾向）,8754b980-0fb2-4547-b88d-6aad93710ab8,
CASE_047,Agentic,4,40.53123497962952,0.0,0.3333333333333333,0.0,0.0,False,水濕或陽虛證型（初步傾向）,8754b980-0fb2-4547-b88d-6aad93710ab8,
CASE_047,Agentic,5,57.58809971809387,0.0,0.4444444444444444,0.0,0.0,False,水濕或陽虛證型（初步傾向）,8754b980-0fb2-4547-b88d-6aad93710ab8,
CASE_047,Agentic,6,57.3353705406189,0.0,0.5555555555555556,0.0,0.0,False,水濕或陽虛證型（初步傾向）,8754b980-0fb2-4547-b88d-6aad93710ab8,
CASE_047,Agentic,7,75.84216070175171,0.0,0.6666666666666666,0.0,0.0,True,水濕或陽虛證型（初步傾向）,8754b980-0fb2-4547-b88d-6aad93710ab8,
CASE_048,Agentic,1,6.541189908981323,0.0,0.1111111111111111,0.0,0.0,False,,37d82fe6-b007-4037-93c5-62381f32ccd6,
CASE_048,Agentic,2,6.858260154724121,0.0,0.2222222222222222,0.0,0.0,False,,37d82fe6-b007-4037-93c5-62381f32ccd6,
CASE_048,Agentic,3,6.625356197357178,0.0,0.3333333333333333,0.0,0.0,False,,37d82fe6-b007-4037-93c5-62381f32ccd6,
CASE_048,Agentic,4,8.803903341293335,0.0,0.4444444444444444,0.0,0.0,False,,37d82fe6-b007-4037-93c5-62381f32ccd6,
CASE_048,Agentic,5,8.843720197677612,0.0,0.4444444444444444,0.0,0.0,False,,37d82fe6-b007-4037-93c5-62381f32ccd6,
CASE_048,Agentic,6,8.928200244903564,0.0,0.5555555555555556,0.0,0.0,False,,37d82fe6-b007-4037-93c5-62381f32ccd6,
CASE_048,Agentic,7,52.3701536655426,0.0,0.6666666666666666,2.0,0.0,True,濕熱（初步傾向）,37d82fe6-b007-4037-93c5-62381f32ccd6,
CASE_049,Agentic,1,6.8590075969696045,0.0,0.1111111111111111,0.0,0.0,False,,750f68d4-c701-4229-bea1-2bc99f7b5050,
CASE_049,Agentic,2,6.8145341873168945,0.0,0.2222222222222222,0.0,0.0,False,,750f68d4-c701-4229-bea1-2bc99f7b5050,
CASE_049,Agentic,3,6.657345533370972,0.0,0.3333333333333333,0.0,0.0,False,,750f68d4-c701-4229-bea1-2bc99f7b5050,
CASE_049,Agentic,4,33.3308322429657,0.0,0.4444444444444444,1.0,0.0,False,帶下病（濕熱下注）（初步傾向）,750f68d4-c701-4229-bea1-2bc99f7b5050,
CASE_049,Agentic,5,33.941401958465576,0.0,0.5555555555555556,1.0,0.0,False,帶下病（濕熱下注）（初步傾向）,750f68d4-c701-4229-bea1-2bc99f7b5050,
CASE_049,Agentic,6,43.49090814590454,0.0,0.5555555555555556,1.0,0.0,False,帶下病（濕熱下注）（初步傾向）,750f68d4-c701-4229-bea1-2bc99f7b5050,
CASE_049,Agentic,7,36.563547134399414,0.0,0.6666666666666666,1.0,0.0,True,帶下病（濕熱下注）（初步傾向）,750f68d4-c701-4229-bea1-2bc99f7b5050,
CASE_050,Agentic,1,6.862502574920654,0.0,0.1111111111111111,0.0,0.0,False,,3b413c17-2d4c-4b6b-943c-af37145c3260,
CASE_050,Agentic,2,6.605537176132202,0.0,0.2222222222222222,0.0,0.0,False,,3b413c17-2d4c-4b6b-943c-af37145c3260,
CASE_050,Agentic,3,19.110286235809326,0.0,0.3333333333333333,0.0,0.0,False,,3b413c17-2d4c-4b6b-943c-af37145c3260,
CASE_050,Agentic,4,9.327802658081055,0.0,0.4444444444444444,0.0,0.0,False,,3b413c17-2d4c-4b6b-943c-af37145c3260,
CASE_050,Agentic,5,8.997405052185059,0.0,0.5555555555555556,0.0,0.0,False,,3b413c17-2d4c-4b6b-943c-af37145c3260,
CASE_050,Agentic,6,9.033342599868774,0.0,0.5555555555555556,0.0,0.0,False,,3b413c17-2d4c-4b6b-943c-af37145c3260,
CASE_050,Agentic,7,42.810588359832764,0.0,0.6666666666666666,1.0,0.0,True,心血虛弱（初步傾向）,3b413c17-2d4c-4b6b-943c-af37145c3260,
CASE_051,Agentic,1,40.97358965873718,0.0,0.0,0.0,0.0,False,氣虛血瘀（初步傾向）,aa157dc6-ea51-412e-bd0f-765137d68f91,
CASE_051,Agentic,2,39.830302000045776,0.0,0.1111111111111111,0.0,0.0,False,氣虛血瘀（初步傾向）,aa157dc6-ea51-412e-bd0f-765137d68f91,
CASE_051,Agentic,3,42.04068183898926,0.0,0.2222222222222222,1.0,0.0,False,氣虛血瘀（初步傾向）,aa157dc6-ea51-412e-bd0f-765137d68f91,
CASE_051,Agentic,4,58.93534994125366,0.0,0.3333333333333333,1.0,0.0,False,氣虛血瘀（初步傾向）,aa157dc6-ea51-412e-bd0f-765137d68f91,
CASE_051,Agentic,5,37.02109909057617,0.0,0.4444444444444444,0.0,0.0,False,氣虛血瘀（初步傾向）,aa157dc6-ea51-412e-bd0f-765137d68f91,
CASE_051,Agentic,6,39.6135687828064,0.0,0.5555555555555556,0.0,0.0,False,氣虛血瘀（初步傾向）,aa157dc6-ea51-412e-bd0f-765137d68f91,
CASE_051,Agentic,7,39.94055366516113,0.0,0.6666666666666666,0.0,0.0,True,氣虛血瘀（初步傾向）,aa157dc6-ea51-412e-bd0f-765137d68f91,
CASE_052,Agentic,1,46.755043506622314,1.0,0.0,0.0,0.0,True,風熱犯肺（初步傾向）,e54493c1-f21e-4fbd-81bc-c2460925be37,
CASE_053,Agentic,1,35.264057636260986,0.0,0.0,2.0,0.0,False,濕熱證（初步傾向）,087f9c83-f0b0-4962-9e0c-5720427b7e52,
CASE_053,Agentic,2,37.220508098602295,0.0,0.125,1.0,0.0,False,濕熱證（初步傾向）,087f9c83-f0b0-4962-9e0c-5720427b7e52,
CASE_053,Agentic,3,53.19321656227112,0.0,0.25,1.0,0.0,False,濕熱證（初步傾向）,087f9c83-f0b0-4962-9e0c-5720427b7e52,
CASE_053,Agentic,4,41.093069076538086,0.0,0.375,1.0,0.0,False,濕熱證（初步傾向）,087f9c83-f0b0-4962-9e0c-5720427b7e52,
CASE_053,Agentic,5,42.06212067604065,0.0,0.5,1.0,0.0,False,濕熱證（初步傾向）,087f9c83-f0b0-4962-9e0c-5720427b7e52,
CASE_053,Agentic,6,46.97201061248779,0.0,0.625,1.0,0.0,False,濕熱證（初步傾向）,087f9c83-f0b0-4962-9e0c-5720427b7e52,
CASE_053,Agentic,7,35.340917110443115,0.0,0.75,1.0,0.0,True,肺虛證（初步傾向）,087f9c83-f0b0-4962-9e0c-5720427b7e52,
CASE_054,Agentic,1,32.303938150405884,0.0,0.0,0.0,0.0,False,肺虛或肺熱（暫以此證型為主要方向，現有資訊不足）,6ebb7f4d-538b-4401-9afd-2831afb1218d,
CASE_054,Agentic,2,40.164698362350464,0.0,0.1,0.0,0.0,False,肺虛或肺熱（初步傾向）,6ebb7f4d-538b-4401-9afd-2831afb1218d,
CASE_054,Agentic,3,38.87836241722107,0.0,0.2,0.0,0.0,False,肺虛或肺熱（初步傾向）,6ebb7f4d-538b-4401-9afd-2831afb1218d,
CASE_054,Agentic,4,52.300020694732666,0.0,0.3,0.0,0.0,False,肺虛或肺熱（初步傾向）,6ebb7f4d-538b-4401-9afd-2831afb1218d,
CASE_054,Agentic,5,37.59656882286072,0.0,0.4,0.0,0.0,False,肺虛或肺熱（初步傾向）,6ebb7f4d-538b-4401-9afd-2831afb1218d,
CASE_054,Agentic,6,41.465826749801636,0.0,0.5,0.0,0.0,False,肺虛或肺熱（初步傾向）,6ebb7f4d-538b-4401-9afd-2831afb1218d,
CASE_054,Agentic,7,40.72607374191284,0.0,0.6,0.0,0.0,True,肺熱或肺虛（初步傾向）,6ebb7f4d-538b-4401-9afd-2831afb1218d,
CASE_055,Agentic,1,34.57236051559448,0.0,0.1,2.0,0.0,False,肺熱（初步傾向）,90248986-164f-4093-bc1f-048635f9453d,
CASE_055,Agentic,2,40.04264163970947,0.0,0.1,2.0,0.0,False,肺熱（初步傾向）,90248986-164f-4093-bc1f-048635f9453d,
CASE_055,Agentic,3,33.69638228416443,0.0,0.2,2.0,0.0,False,肺熱（初步傾向）,90248986-164f-4093-bc1f-048635f9453d,
CASE_055,Agentic,4,40.91088318824768,0.0,0.3,1.0,0.0,False,肺熱（初步傾向）,90248986-164f-4093-bc1f-048635f9453d,
CASE_055,Agentic,5,47.06684136390686,0.0,0.4,2.0,0.0,False,肺熱（初步傾向）,90248986-164f-4093-bc1f-048635f9453d,
CASE_055,Agentic,6,38.669180393218994,0.0,0.5,2.0,0.0,False,肺熱（初步傾向）,90248986-164f-4093-bc1f-048635f9453d,
CASE_055,Agentic,7,33.69136071205139,0.0,0.6,2.0,0.0,True,肺熱（初步傾向）,90248986-164f-4093-bc1f-048635f9453d,
CASE_056,Agentic,1,6.875110149383545,0.0,0.0,0.0,0.0,False,,d3d49a6d-a40f-4476-8b9f-6bd8e9ac308d,
CASE_056,Agentic,2,6.653645277023315,0.0,0.125,0.0,0.0,False,,d3d49a6d-a40f-4476-8b9f-6bd8e9ac308d,
CASE_056,Agentic,3,5.861950159072876,0.0,0.25,0.0,0.0,False,,d3d49a6d-a40f-4476-8b9f-6bd8e9ac308d,
CASE_056,Agentic,4,6.593613624572754,0.0,0.375,0.0,0.0,False,,d3d49a6d-a40f-4476-8b9f-6bd8e9ac308d,
CASE_056,Agentic,5,6.032057285308838,0.0,0.5,0.0,0.0,False,,d3d49a6d-a40f-4476-8b9f-6bd8e9ac308d,
CASE_056,Agentic,6,6.8241918087005615,0.0,0.625,0.0,0.0,False,,d3d49a6d-a40f-4476-8b9f-6bd8e9ac308d,
CASE_056,Agentic,7,20.953262329101562,0.0,0.75,0.0,0.0,False,,d3d49a6d-a40f-4476-8b9f-6bd8e9ac308d,
CASE_057,Agentic,1,7.091336250305176,0.0,0.0,0.0,0.0,False,,f2ea349d-8502-4d7d-bcbb-2949a77a35bd,
CASE_057,Agentic,2,7.062498331069946,0.0,0.1111111111111111,0.0,0.0,False,,f2ea349d-8502-4d7d-bcbb-2949a77a35bd,
CASE_057,Agentic,3,6.965542316436768,0.0,0.2222222222222222,0.0,0.0,False,,f2ea349d-8502-4d7d-bcbb-2949a77a35bd,
CASE_057,Agentic,4,6.86051607131958,0.0,0.3333333333333333,0.0,0.0,False,,f2ea349d-8502-4d7d-bcbb-2949a77a35bd,
CASE_057,Agentic,5,6.867695331573486,0.0,0.4444444444444444,0.0,0.0,False,,f2ea349d-8502-4d7d-bcbb-2949a77a35bd,
CASE_057,Agentic,6,6.574864864349365,0.0,0.5555555555555556,0.0,0.0,False,,f2ea349d-8502-4d7d-bcbb-2949a77a35bd,
CASE_057,Agentic,7,10.390332698822021,0.0,0.6666666666666666,0.0,0.0,False,,f2ea349d-8502-4d7d-bcbb-2949a77a35bd,
CASE_058,Agentic,1,6.626922369003296,0.0,0.0,0.0,0.0,False,,444533d1-7b5c-407a-8af9-0d69223cfec6,
CASE_058,Agentic,2,6.97932505607605,0.0,0.125,0.0,0.0,False,,444533d1-7b5c-407a-8af9-0d69223cfec6,
CASE_058,Agentic,3,6.582150459289551,0.0,0.25,0.0,0.0,False,,444533d1-7b5c-407a-8af9-0d69223cfec6,
CASE_058,Agentic,4,34.63300323486328,0.0,0.375,2.0,0.0,False,風熱證（初步傾向）,444533d1-7b5c-407a-8af9-0d69223cfec6,
CASE_058,Agentic,5,39.57407593727112,0.0,0.5,2.0,0.0,False,風熱證（初步傾向）,444533d1-7b5c-407a-8af9-0d69223cfec6,
CASE_058,Agentic,6,45.71845006942749,0.0,0.625,2.0,0.0,False,風熱證（初步傾向）,444533d1-7b5c-407a-8af9-0d69223cfec6,
CASE_058,Agentic,7,44.32058930397034,0.0,0.75,2.0,0.0,True,風熱證（初步傾向）,444533d1-7b5c-407a-8af9-0d69223cfec6,
CASE_059,Agentic,1,6.361614227294922,0.0,0.0,0.0,0.0,False,,ac0e360c-cd3f-4187-9023-9ec558cdc6a0,
CASE_059,Agentic,2,6.7488391399383545,0.0,0.1111111111111111,0.0,0.0,False,,ac0e360c-cd3f-4187-9023-9ec558cdc6a0,
CASE_059,Agentic,3,5.9211506843566895,0.0,0.2222222222222222,0.0,0.0,False,,ac0e360c-cd3f-4187-9023-9ec558cdc6a0,
CASE_059,Agentic,4,6.834429502487183,0.0,0.3333333333333333,0.0,0.0,False,,ac0e360c-cd3f-4187-9023-9ec558cdc6a0,
CASE_059,Agentic,5,6.929898500442505,0.0,0.4444444444444444,0.0,0.0,False,,ac0e360c-cd3f-4187-9023-9ec558cdc6a0,
CASE_059,Agentic,6,6.766460418701172,0.0,0.5555555555555556,0.0,0.0,False,,ac0e360c-cd3f-4187-9023-9ec558cdc6a0,
CASE_059,Agentic,7,6.602845907211304,0.0,0.6666666666666666,0.0,0.0,False,,ac0e360c-cd3f-4187-9023-9ec558cdc6a0,
CASE_060,Agentic,1,68.1287727355957,0.0,0.3,0.0,0.0,False,燥熱傷肺（初步傾向）,90ea0256-a0c3-434c-9837-f83c93d58b96,
CASE_060,Agentic,2,41.6036319732666,0.0,0.3,0.0,0.0,False,燥熱傷肺（初步傾向）,90ea0256-a0c3-434c-9837-f83c93d58b96,
CASE_060,Agentic,3,42.945074796676636,0.0,0.3,0.0,0.0,False,燥熱傷肺（初步傾向）,90ea0256-a0c3-434c-9837-f83c93d58b96,
CASE_060,Agentic,4,45.497294425964355,0.0,0.4,0.0,0.0,False,燥熱傷肺（初步傾向）,90ea0256-a0c3-434c-9837-f83c93d58b96,
CASE_060,Agentic,5,41.86032700538635,0.0,0.4,0.0,0.0,False,燥熱傷肺（初步傾向）,90ea0256-a0c3-434c-9837-f83c93d58b96,
CASE_060,Agentic,6,37.02840614318848,0.0,0.5,0.0,0.0,False,燥熱傷肺（初步傾向）,90ea0256-a0c3-434c-9837-f83c93d58b96,
CASE_060,Agentic,7,50.707597970962524,0.0,0.6,0.0,0.0,True,燥熱傷肺（初步傾向）,90ea0256-a0c3-434c-9837-f83c93d58b96,
CASE_061,Agentic,1,39.44712853431702,0.0,0.0,0.0,0.0,False,暫以肺熱證或心臟病變為主要方向（現有資訊不足）,29e6e100-d6bb-4b1c-a59b-9ec75eb34957,
CASE_061,Agentic,2,36.15470266342163,0.0,0.1111111111111111,0.0,0.0,False,肺熱證或心臟病變（初步傾向）,29e6e100-d6bb-4b1c-a59b-9ec75eb34957,
CASE_061,Agentic,3,33.98035383224487,0.0,0.2222222222222222,0.0,0.0,False,肺熱證或心臟病變（初步傾向）,29e6e100-d6bb-4b1c-a59b-9ec75eb34957,
CASE_061,Agentic,4,35.23896813392639,0.0,0.3333333333333333,0.0,0.0,False,肺熱證或心臟病變（初步傾向）,29e6e100-d6bb-4b1c-a59b-9ec75eb34957,
CASE_061,Agentic,5,33.89158320426941,0.0,0.4444444444444444,0.0,0.0,False,肺熱證或心臟病變（初步傾向）,29e6e100-d6bb-4b1c-a59b-9ec75eb34957,
CASE_061,Agentic,6,35.59132099151611,0.0,0.5555555555555556,0.0,0.0,False,肺熱證或心臟病變（初步傾向）,29e6e100-d6bb-4b1c-a59b-9ec75eb34957,
CASE_061,Agentic,7,36.156500577926636,0.0,0.6666666666666666,0.0,0.0,True,肺熱證或心臟病變（初步傾向）,29e6e100-d6bb-4b1c-a59b-9ec75eb34957,
CASE_062,Agentic,1,44.353095054626465,0.0,0.2,0.0,0.0,False,牙痛（胃火上炎）（初步傾向）,1c84b5a9-e302-42bc-a10a-a4b168512daa,
CASE_062,Agentic,2,28.390981197357178,0.0,0.3,0.0,0.0,False,牙痛（胃火上炎）（初步傾向）,1c84b5a9-e302-42bc-a10a-a4b168512daa,
CASE_062,Agentic,3,37.987565755844116,0.0,0.4,0.0,0.0,False,牙痛（胃火上炎）（初步傾向）,1c84b5a9-e302-42bc-a10a-a4b168512daa,
CASE_062,Agentic,4,34.548561573028564,0.0,0.4,1.0,0.0,False,帶下病（濕熱下注）（初步傾向）,1c84b5a9-e302-42bc-a10a-a4b168512daa,
CASE_062,Agentic,5,45.6569619178772,0.0,0.5,1.0,0.0,False,帶下病（濕熱下注）（初步傾向）,1c84b5a9-e302-42bc-a10a-a4b168512daa,
CASE_062,Agentic,6,41.34295916557312,0.0,0.6,0.0,0.0,False,帶下病（濕熱下注）（初步傾向）,1c84b5a9-e302-42bc-a10a-a4b168512daa,
CASE_062,Agentic,7,47.09337615966797,0.0,0.7,1.0,0.0,True,帶下病（濕熱下注）（初步傾向）,1c84b5a9-e302-42bc-a10a-a4b168512daa,
CASE_063,Agentic,1,34.41339826583862,0.0,0.0,2.0,0.0,False,肺虛熱（初步傾向）,cbc606e0-dd91-42a2-9aec-66a0ca97aa50,
CASE_063,Agentic,2,36.76229810714722,0.0,0.125,2.0,0.0,False,肺虛熱（初步傾向）,cbc606e0-dd91-42a2-9aec-66a0ca97aa50,
CASE_063,Agentic,3,35.367440700531006,0.0,0.25,2.0,0.0,False,肺虛熱（初步傾向）,cbc606e0-dd91-42a2-9aec-66a0ca97aa50,
CASE_063,Agentic,4,54.57648777961731,0.0,0.375,1.0,0.0,False,心肺氣機不暢（初步傾向）,cbc606e0-dd91-42a2-9aec-66a0ca97aa50,
CASE_063,Agentic,5,37.826945781707764,0.0,0.5,0.0,0.0,False,心肺氣機不暢（初步傾向）,cbc606e0-dd91-42a2-9aec-66a0ca97aa50,
CASE_063,Agentic,6,52.99810290336609,0.0,0.625,1.0,0.0,False,心肺氣機不暢（初步傾向）,cbc606e0-dd91-42a2-9aec-66a0ca97aa50,
CASE_063,Agentic,7,38.60989236831665,0.0,0.75,0.0,0.0,True,心肺氣機不暢（初步傾向）,cbc606e0-dd91-42a2-9aec-66a0ca97aa50,
CASE_064,Agentic,1,5.8563103675842285,0.0,0.0,0.0,0.0,False,,753db8b8-d691-44a6-9a18-36207187adf6,
CASE_064,Agentic,2,6.588571786880493,0.0,0.14285714285714285,0.0,0.0,False,,753db8b8-d691-44a6-9a18-36207187adf6,
CASE_064,Agentic,3,6.578916549682617,0.0,0.2857142857142857,0.0,0.0,False,,753db8b8-d691-44a6-9a18-36207187adf6,
CASE_064,Agentic,4,6.715252876281738,0.0,0.42857142857142855,0.0,0.0,False,,753db8b8-d691-44a6-9a18-36207187adf6,
CASE_064,Agentic,5,6.8484625816345215,0.0,0.5714285714285714,0.0,0.0,False,,753db8b8-d691-44a6-9a18-36207187adf6,
CASE_064,Agentic,6,6.689416170120239,0.0,0.7142857142857143,0.0,0.0,False,,753db8b8-d691-44a6-9a18-36207187adf6,
CASE_064,Agentic,7,8.697053909301758,0.0,0.8571428571428571,0.0,0.0,False,,753db8b8-d691-44a6-9a18-36207187adf6,
CASE_065,Agentic,1,6.094582557678223,0.0,0.0,0.0,0.0,False,,84eb1b37-afba-4a51-8ceb-c6f8424c0d11,
CASE_065,Agentic,2,6.875011205673218,0.0,0.1,0.0,0.0,False,,84eb1b37-afba-4a51-8ceb-c6f8424c0d11,
CASE_065,Agentic,3,6.765552043914795,0.0,0.2,0.0,0.0,False,,84eb1b37-afba-4a51-8ceb-c6f8424c0d11,
CASE_065,Agentic,4,6.646024703979492,0.0,0.3,0.0,0.0,False,,84eb1b37-afba-4a51-8ceb-c6f8424c0d11,
CASE_065,Agentic,5,6.818729877471924,0.0,0.4,0.0,0.0,False,,84eb1b37-afba-4a51-8ceb-c6f8424c0d11,
CASE_065,Agentic,6,6.815514802932739,0.0,0.5,0.0,0.0,False,,84eb1b37-afba-4a51-8ceb-c6f8424c0d11,
CASE_065,Agentic,7,44.66240644454956,0.0,0.6,1.0,0.0,True,濕熱下注（帶下病）(初步傾向),84eb1b37-afba-4a51-8ceb-c6f8424c0d11,
CASE_066,Agentic,1,38.66890025138855,0.0,0.0,0.0,0.0,False,濕熱下注（暫以此證型為主要方向，現有資訊不足）,75a63116-a1df-434d-94cc-11e56d0d11fe,
CASE_066,Agentic,2,39.62827229499817,0.0,0.1,0.0,0.0,False,濕熱下注（初步傾向）,75a63116-a1df-434d-94cc-11e56d0d11fe,
CASE_066,Agentic,3,55.21878385543823,0.0,0.2,0.0,0.0,False,濕熱下注（初步傾向）,75a63116-a1df-434d-94cc-11e56d0d11fe,
CASE_066,Agentic,4,40.62895154953003,0.0,0.3,0.0,0.0,False,濕熱下注（初步傾向）,75a63116-a1df-434d-94cc-11e56d0d11fe,
CASE_066,Agentic,5,49.79806590080261,0.0,0.4,0.0,0.0,False,濕熱下注（初步傾向）,75a63116-a1df-434d-94cc-11e56d0d11fe,
CASE_066,Agentic,6,33.449952363967896,0.0,0.5,0.0,0.0,False,濕熱下注（初步傾向）,75a63116-a1df-434d-94cc-11e56d0d11fe,
CASE_066,Agentic,7,38.73298454284668,0.0,0.6,0.0,0.0,True,濕熱下注（初步傾向）,75a63116-a1df-434d-94cc-11e56d0d11fe,
CASE_067,Agentic,1,55.942736864089966,0.0,0.0,0.0,0.0,True,濕熱下注（初步傾向）,68cf84f4-64be-4ae1-9cca-db75643deb7e,
CASE_068,Agentic,1,6.681761264801025,0.0,0.0,0.0,0.0,False,,7768cec7-e1c2-4a0d-9828-36a8595ae86f,
CASE_068,Agentic,2,9.098209857940674,0.0,0.1111111111111111,0.0,0.0,False,,7768cec7-e1c2-4a0d-9828-36a8595ae86f,
CASE_068,Agentic,3,9.063220977783203,0.0,0.2222222222222222,0.0,0.0,False,,7768cec7-e1c2-4a0d-9828-36a8595ae86f,
CASE_068,Agentic,4,8.722135305404663,0.0,0.3333333333333333,0.0,0.0,False,,7768cec7-e1c2-4a0d-9828-36a8595ae86f,
CASE_068,Agentic,5,9.115050554275513,0.0,0.4444444444444444,0.0,0.0,False,,7768cec7-e1c2-4a0d-9828-36a8595ae86f,
CASE_068,Agentic,6,44.49153780937195,0.0,0.5555555555555556,1.0,0.0,False,濕熱下注（初步傾向）,7768cec7-e1c2-4a0d-9828-36a8595ae86f,
CASE_068,Agentic,7,34.18609166145325,0.0,0.6666666666666666,1.0,0.0,True,濕熱下注（初步傾向）,7768cec7-e1c2-4a0d-9828-36a8595ae86f,
CASE_069,Agentic,1,6.533278465270996,0.0,0.0,0.0,0.0,False,,92e68a60-0538-46ae-9205-0cbecadd4f93,
CASE_069,Agentic,2,6.326324939727783,0.0,0.1111111111111111,0.0,0.0,False,,92e68a60-0538-46ae-9205-0cbecadd4f93,
CASE_069,Agentic,3,6.564615964889526,0.0,0.2222222222222222,0.0,0.0,False,,92e68a60-0538-46ae-9205-0cbecadd4f93,
CASE_069,Agentic,4,9.648669242858887,0.0,0.3333333333333333,0.0,0.0,False,,92e68a60-0538-46ae-9205-0cbecadd4f93,
CASE_069,Agentic,5,9.202507019042969,0.0,0.4444444444444444,0.0,0.0,False,,92e68a60-0538-46ae-9205-0cbecadd4f93,
CASE_069,Agentic,6,9.577306747436523,0.0,0.5555555555555556,0.0,0.0,False,,92e68a60-0538-46ae-9205-0cbecadd4f93,
CASE_069,Agentic,7,9.46524953842163,0.0,0.6666666666666666,0.0,0.0,False,,92e68a60-0538-46ae-9205-0cbecadd4f93,
CASE_070,Agentic,1,6.800071716308594,0.0,0.1,0.0,0.0,False,,5504e120-a7e7-4a78-a56b-9d1b4011b760,
CASE_070,Agentic,2,6.777440547943115,0.0,0.2,0.0,0.0,False,,5504e120-a7e7-4a78-a56b-9d1b4011b760,
CASE_070,Agentic,3,35.90989542007446,0.0,0.3,1.0,0.0,False,帶下病（濕熱下注）（初步傾向）,5504e120-a7e7-4a78-a56b-9d1b4011b760,
CASE_070,Agentic,4,46.30116009712219,0.0,0.4,1.0,0.0,False,帶下病（濕熱下注）（初步傾向）,5504e120-a7e7-4a78-a56b-9d1b4011b760,
CASE_070,Agentic,5,43.91942477226257,0.0,0.5,1.0,0.0,False,帶下病（濕熱下注）（初步傾向）,5504e120-a7e7-4a78-a56b-9d1b4011b760,
CASE_070,Agentic,6,38.473100662231445,0.0,0.6,1.0,0.0,False,帶下病（濕熱下注）（初步傾向）,5504e120-a7e7-4a78-a56b-9d1b4011b760,
CASE_070,Agentic,7,44.467106103897095,0.0,0.7,1.0,0.0,True,肝鬱氣滯（初步傾向）,5504e120-a7e7-4a78-a56b-9d1b4011b760,
CASE_071,Agentic,1,6.8992602825164795,0.0,0.2,0.0,0.0,False,,8e16eac1-7e8a-4bd6-8995-84aad4497208,
CASE_071,Agentic,2,7.040387153625488,0.0,0.3,0.0,0.0,False,,8e16eac1-7e8a-4bd6-8995-84aad4497208,
CASE_071,Agentic,3,7.097769260406494,0.0,0.4,0.0,0.0,False,,8e16eac1-7e8a-4bd6-8995-84aad4497208,
CASE_071,Agentic,4,6.6894636154174805,0.0,0.5,0.0,0.0,False,,8e16eac1-7e8a-4bd6-8995-84aad4497208,
CASE_071,Agentic,5,6.631416082382202,0.0,0.5,0.0,0.0,False,,8e16eac1-7e8a-4bd6-8995-84aad4497208,
CASE_071,Agentic,6,8.861658096313477,0.0,0.6,0.0,0.0,False,,8e16eac1-7e8a-4bd6-8995-84aad4497208,
CASE_071,Agentic,7,10.455857753753662,0.0,0.6,0.0,0.0,False,,8e16eac1-7e8a-4bd6-8995-84aad4497208,
CASE_072,Agentic,1,34.97387981414795,0.0,0.1,0.0,0.0,False,腎虛、陰虛火旺（初步傾向）,5e2d757f-f4ee-4a81-bf30-0d8ae5712ce7,
CASE_072,Agentic,2,42.67783164978027,0.0,0.2,0.0,0.0,False,腎虛、陰虛火旺（初步傾向）,5e2d757f-f4ee-4a81-bf30-0d8ae5712ce7,
CASE_072,Agentic,3,46.60302805900574,0.0,0.2,0.0,0.0,False,腎虛、陰虛火旺（初步傾向）,5e2d757f-f4ee-4a81-bf30-0d8ae5712ce7,
CASE_072,Agentic,4,50.20591974258423,0.0,0.3,0.0,0.0,False,腎虛、陰虛火旺（初步傾向）,5e2d757f-f4ee-4a81-bf30-0d8ae5712ce7,
CASE_072,Agentic,5,41.69714426994324,0.0,0.4,0.0,0.0,False,腎虛、陰虛火旺（初步傾向）,5e2d757f-f4ee-4a81-bf30-0d8ae5712ce7,
CASE_072,Agentic,6,46.81184124946594,0.0,0.5,0.0,0.0,False,腎虛、陰虛火旺（初步傾向）,5e2d757f-f4ee-4a81-bf30-0d8ae5712ce7,
CASE_072,Agentic,7,46.21802759170532,0.0,0.6,1.0,0.0,True,腎虛、陰虛火旺（初步傾向）,5e2d757f-f4ee-4a81-bf30-0d8ae5712ce7,
CASE_073,Agentic,1,42.37798714637756,0.0,0.0,1.0,0.0,False,暫以腰痛（下焦虛寒）為主要方向，現有資訊不足，需補充說明,ed0a89de-66be-4a77-a525-0bc541c9c31d,
CASE_073,Agentic,2,42.663389682769775,0.0,0.14285714285714285,1.0,0.0,False,腰痛（下焦虛寒）（初步傾向）,ed0a89de-66be-4a77-a525-0bc541c9c31d,
CASE_073,Agentic,3,33.60785174369812,0.0,0.2857142857142857,1.0,0.0,False,腰痛（下焦虛寒）（初步傾向）,ed0a89de-66be-4a77-a525-0bc541c9c31d,
CASE_073,Agentic,4,38.841150999069214,0.0,0.42857142857142855,1.0,0.0,False,腰痛（下焦虛寒）（初步傾向）,ed0a89de-66be-4a77-a525-0bc541c9c31d,
CASE_073,Agentic,5,38.38912582397461,0.0,0.5714285714285714,1.0,0.0,False,腰痛（下焦虛寒）（初步傾向）,ed0a89de-66be-4a77-a525-0bc541c9c31d,
CASE_073,Agentic,6,38.37127733230591,0.0,0.7142857142857143,0.0,0.0,False,腰痛（下焦虛寒）（初步傾向）,ed0a89de-66be-4a77-a525-0bc541c9c31d,
CASE_073,Agentic,7,36.341938495635986,0.0,0.8571428571428571,0.0,0.0,True,腰痛（下焦虛寒）（初步傾向）,ed0a89de-66be-4a77-a525-0bc541c9c31d,
CASE_074,Agentic,1,28.99497151374817,0.0,0.3,0.0,0.0,True,腎虛型耳鳴（初步傾向）,d267cdf6-2c22-492a-b35f-2939041d1a73,
CASE_075,Agentic,1,36.04433631896973,0.0,0.0,1.0,0.0,False,心脾兩虛（初步傾向）,812aa949-a7b7-4028-add0-266f206ed6f6,
CASE_075,Agentic,2,41.97510623931885,0.0,0.1111111111111111,1.0,0.0,False,心脾兩虛（初步傾向）,812aa949-a7b7-4028-add0-266f206ed6f6,
CASE_075,Agentic,3,36.407752990722656,0.0,0.2222222222222222,0.0,0.0,False,脾虛濕困（初步傾向）,812aa949-a7b7-4028-add0-266f206ed6f6,
CASE_075,Agentic,4,35.26420712471008,0.0,0.3333333333333333,0.0,0.0,False,心腎不交（初步傾向）,812aa949-a7b7-4028-add0-266f206ed6f6,
CASE_075,Agentic,5,43.03856611251831,0.0,0.4444444444444444,0.0,0.0,False,心腎不交（初步傾向）,812aa949-a7b7-4028-add0-266f206ed6f6,
CASE_075,Agentic,6,40.516849517822266,0.0,0.5555555555555556,0.0,0.0,False,心腎不交（初步傾向）,812aa949-a7b7-4028-add0-266f206ed6f6,
CASE_075,Agentic,7,39.13076210021973,0.0,0.6666666666666666,0.0,0.0,True,心腎不交（初步傾向）,812aa949-a7b7-4028-add0-266f206ed6f6,
CASE_076,Agentic,1,6.677432537078857,0.0,0.1111111111111111,0.0,0.0,False,,304cb8d6-65ee-48ff-9a0e-73b957aaeef3,
CASE_076,Agentic,2,6.662128448486328,0.0,0.2222222222222222,0.0,0.0,False,,304cb8d6-65ee-48ff-9a0e-73b957aaeef3,
CASE_076,Agentic,3,7.0719757080078125,0.0,0.3333333333333333,0.0,0.0,False,,304cb8d6-65ee-48ff-9a0e-73b957aaeef3,
CASE_076,Agentic,4,6.5444018840789795,0.0,0.3333333333333333,0.0,0.0,False,,304cb8d6-65ee-48ff-9a0e-73b957aaeef3,
CASE_076,Agentic,5,6.661730527877808,0.0,0.4444444444444444,0.0,0.0,False,,304cb8d6-65ee-48ff-9a0e-73b957aaeef3,
CASE_076,Agentic,6,36.13495755195618,0.0,0.5555555555555556,1.0,0.0,False,濕熱下注證型（初步傾向）,304cb8d6-65ee-48ff-9a0e-73b957aaeef3,
CASE_076,Agentic,7,33.26675772666931,0.0,0.6666666666666666,1.0,0.0,True,濕熱下注證型（初步傾向）,304cb8d6-65ee-48ff-9a0e-73b957aaeef3,
CASE_077,Agentic,1,6.638110876083374,0.0,0.1111111111111111,0.0,0.0,False,,0758eb80-7d28-4fa0-90c6-994634928963,
CASE_077,Agentic,2,5.88727068901062,0.0,0.2222222222222222,0.0,0.0,False,,0758eb80-7d28-4fa0-90c6-994634928963,
CASE_077,Agentic,3,6.731363296508789,0.0,0.3333333333333333,0.0,0.0,False,,0758eb80-7d28-4fa0-90c6-994634928963,
CASE_077,Agentic,4,11.984318733215332,0.0,0.3333333333333333,0.0,0.0,False,,0758eb80-7d28-4fa0-90c6-994634928963,
CASE_077,Agentic,5,11.61911129951477,0.0,0.4444444444444444,0.0,0.0,False,,0758eb80-7d28-4fa0-90c6-994634928963,
CASE_077,Agentic,6,6.864985227584839,0.0,0.5555555555555556,0.0,0.0,False,,0758eb80-7d28-4fa0-90c6-994634928963,
CASE_077,Agentic,7,6.694876194000244,0.0,0.6666666666666666,0.0,0.0,False,,0758eb80-7d28-4fa0-90c6-994634928963,
CASE_078,Agentic,1,45.094632148742676,0.0,0.2222222222222222,2.0,0.0,False,腎虛（初步傾向）,0e05e2c5-9d76-4a5d-b2b4-3da9f4f4c27c,
CASE_078,Agentic,2,44.25805616378784,0.0,0.3333333333333333,2.0,0.0,False,腎虛（初步傾向）,0e05e2c5-9d76-4a5d-b2b4-3da9f4f4c27c,
CASE_078,Agentic,3,46.82036280632019,0.0,0.4444444444444444,2.0,0.0,False,腎虛（初步傾向）,0e05e2c5-9d76-4a5d-b2b4-3da9f4f4c27c,
CASE_078,Agentic,4,40.79507493972778,0.0,0.4444444444444444,2.0,0.0,False,腎虛（初步傾向）,0e05e2c5-9d76-4a5d-b2b4-3da9f4f4c27c,
CASE_078,Agentic,5,45.047504901885986,0.0,0.4444444444444444,2.0,0.0,False,腎虛（初步傾向）,0e05e2c5-9d76-4a5d-b2b4-3da9f4f4c27c,
CASE_078,Agentic,6,47.18080472946167,0.0,0.5555555555555556,2.0,0.0,False,腎虛（初步傾向）,0e05e2c5-9d76-4a5d-b2b4-3da9f4f4c27c,
CASE_078,Agentic,7,43.73629713058472,0.0,0.6666666666666666,2.0,0.0,True,腎虛（初步傾向）,0e05e2c5-9d76-4a5d-b2b4-3da9f4f4c27c,
CASE_079,Agentic,1,36.841506242752075,0.0,0.1111111111111111,1.0,0.0,False,腎虛精虧（初步傾向）,a7adef62-894d-44fa-9577-568c3ddeb760,
CASE_079,Agentic,2,36.67300581932068,0.0,0.2222222222222222,0.0,0.0,False,腎虛精虧（初步傾向）,a7adef62-894d-44fa-9577-568c3ddeb760,
CASE_079,Agentic,3,40.81703734397888,0.0,0.3333333333333333,0.0,0.0,False,腎虛精虧（初步傾向）,a7adef62-894d-44fa-9577-568c3ddeb760,
CASE_079,Agentic,4,48.061843156814575,0.0,0.3333333333333333,1.0,0.0,False,腎虛精虧（初步傾向）,a7adef62-894d-44fa-9577-568c3ddeb760,
CASE_079,Agentic,5,51.52161431312561,0.0,0.4444444444444444,0.0,0.0,False,腎虛精虧（初步傾向）,a7adef62-894d-44fa-9577-568c3ddeb760,
CASE_079,Agentic,6,44.70435833930969,0.0,0.5555555555555556,0.0,0.0,False,腎虛精虧（初步傾向）,a7adef62-894d-44fa-9577-568c3ddeb760,
CASE_079,Agentic,7,38.44394612312317,0.0,0.6666666666666666,0.0,0.0,True,腎虛精虧（初步傾向）,a7adef62-894d-44fa-9577-568c3ddeb760,
CASE_080,Agentic,1,6.587372779846191,0.0,0.0,0.0,0.0,False,,883902ff-6205-48b2-a04d-f25e86f33e53,
CASE_080,Agentic,2,6.537207841873169,0.0,0.1,0.0,0.0,False,,883902ff-6205-48b2-a04d-f25e86f33e53,
CASE_080,Agentic,3,6.544046640396118,0.0,0.2,0.0,0.0,False,,883902ff-6205-48b2-a04d-f25e86f33e53,
CASE_080,Agentic,4,6.569603204727173,0.0,0.3,0.0,0.0,False,,883902ff-6205-48b2-a04d-f25e86f33e53,
CASE_080,Agentic,5,5.772133827209473,0.0,0.4,0.0,0.0,False,,883902ff-6205-48b2-a04d-f25e86f33e53,
CASE_080,Agentic,6,6.553959369659424,0.0,0.5,0.0,0.0,False,,883902ff-6205-48b2-a04d-f25e86f33e53,
CASE_080,Agentic,7,6.643787384033203,0.0,0.6,0.0,0.0,False,,883902ff-6205-48b2-a04d-f25e86f33e53,
CASE_081,Agentic,1,40.10546875,0.0,0.0,1.0,0.0,False,暫以寒濕證型為主要方向，現有資訊不足,ea42c069-90f7-4fe0-94e0-a5017eb5f04f,
CASE_081,Agentic,2,42.82403206825256,0.0,0.14285714285714285,1.0,0.0,False,寒濕證型（初步傾向）,ea42c069-90f7-4fe0-94e0-a5017eb5f04f,
CASE_081,Agentic,3,36.2592236995697,0.0,0.2857142857142857,1.0,0.0,False,寒濕證型（初步傾向）,ea42c069-90f7-4fe0-94e0-a5017eb5f04f,
CASE_081,Agentic,4,42.2709858417511,0.0,0.42857142857142855,0.0,0.0,False,寒濕證型（初步傾向）,ea42c069-90f7-4fe0-94e0-a5017eb5f04f,
CASE_081,Agentic,5,45.676464319229126,0.0,0.5714285714285714,0.0,0.0,False,寒濕證型（初步傾向）,ea42c069-90f7-4fe0-94e0-a5017eb5f04f,
CASE_081,Agentic,6,40.252039670944214,0.0,0.7142857142857143,0.0,0.0,False,寒濕證型（初步傾向）,ea42c069-90f7-4fe0-94e0-a5017eb5f04f,
CASE_081,Agentic,7,37.85308623313904,0.0,0.8571428571428571,0.0,0.0,True,寒濕證型（初步傾向）,ea42c069-90f7-4fe0-94e0-a5017eb5f04f,
CASE_082,Agentic,1,39.326539039611816,0.0,0.0,1.0,0.0,False,暫以濕熱證型為主要方向，現有資訊不足,3cc3e77a-0418-4200-86ea-8332ff6b230b,
CASE_082,Agentic,2,35.93602705001831,0.0,0.1111111111111111,1.0,0.0,False,濕熱證型（初步傾向）,3cc3e77a-0418-4200-86ea-8332ff6b230b,
CASE_082,Agentic,3,34.88694882392883,0.0,0.2222222222222222,0.0,0.0,False,濕熱證型（初步傾向）,3cc3e77a-0418-4200-86ea-8332ff6b230b,
CASE_082,Agentic,4,35.111979961395264,0.0,0.3333333333333333,0.0,0.0,False,濕熱證型（初步傾向）,3cc3e77a-0418-4200-86ea-8332ff6b230b,
CASE_082,Agentic,5,41.76832938194275,0.0,0.4444444444444444,0.0,0.0,False,濕熱證型（初步傾向）,3cc3e77a-0418-4200-86ea-8332ff6b230b,
CASE_082,Agentic,6,44.81196355819702,0.0,0.5555555555555556,0.0,0.0,False,濕熱證型（初步傾向）,3cc3e77a-0418-4200-86ea-8332ff6b230b,
CASE_082,Agentic,7,38.64386749267578,0.0,0.6666666666666666,0.0,0.0,True,濕熱證型（初步傾向）,3cc3e77a-0418-4200-86ea-8332ff6b230b,
CASE_083,Agentic,1,6.641897916793823,0.0,0.0,0.0,0.0,False,,7dbdb078-f810-4836-a6fe-eb27cdcd061f,
CASE_083,Agentic,2,11.340498208999634,0.0,0.1111111111111111,0.0,0.0,False,,7dbdb078-f810-4836-a6fe-eb27cdcd061f,
CASE_083,Agentic,3,6.656235694885254,0.0,0.2222222222222222,0.0,0.0,False,,7dbdb078-f810-4836-a6fe-eb27cdcd061f,
CASE_083,Agentic,4,8.945044755935669,0.0,0.3333333333333333,0.0,0.0,False,,7dbdb078-f810-4836-a6fe-eb27cdcd061f,
CASE_083,Agentic,5,35.18794536590576,0.0,0.4444444444444444,1.0,0.0,False,帶下病（濕熱下注）（初步傾向）,7dbdb078-f810-4836-a6fe-eb27cdcd061f,
CASE_083,Agentic,6,35.9031023979187,0.0,0.5555555555555556,1.0,0.0,False,帶下病（濕熱下注）（初步傾向）,7dbdb078-f810-4836-a6fe-eb27cdcd061f,
CASE_083,Agentic,7,41.24531888961792,0.0,0.6666666666666666,1.0,0.0,True,帶下病（濕熱下注）（初步傾向）,7dbdb078-f810-4836-a6fe-eb27cdcd061f,
CASE_084,Agentic,1,36.70629858970642,0.0,0.0,2.0,0.0,False,腎陽虛（腰痠）,3d9d9b09-3358-4723-84f6-a008961ff9c6,
CASE_084,Agentic,2,35.76478815078735,0.0,0.1111111111111111,2.0,0.0,False,氣虛（頭暈）,3d9d9b09-3358-4723-84f6-a008961ff9c6,
CASE_084,Agentic,3,32.48756003379822,0.0,0.2222222222222222,2.0,0.0,False,氣虛（頭暈）,3d9d9b09-3358-4723-84f6-a008961ff9c6,
CASE_084,Agentic,4,46.40024781227112,0.0,0.3333333333333333,1.0,0.0,False,氣虛（頭暈）(初步傾向),3d9d9b09-3358-4723-84f6-a008961ff9c6,
CASE_084,Agentic,5,44.66999411582947,0.0,0.4444444444444444,1.0,0.0,False,心脾兩虛（初步傾向）,3d9d9b09-3358-4723-84f6-a008961ff9c6,
CASE_084,Agentic,6,37.92776441574097,0.0,0.5555555555555556,1.0,0.0,False,心脾兩虛（初步傾向）,3d9d9b09-3358-4723-84f6-a008961ff9c6,
CASE_084,Agentic,7,43.1641161441803,0.0,0.6666666666666666,1.0,0.0,True,心脾兩虛（初步傾向）,3d9d9b09-3358-4723-84f6-a008961ff9c6,
CASE_085,Agentic,1,34.64911866188049,0.0,0.0,1.0,0.0,True,心火旺（初步傾向）,ce43d1b4-985b-4c72-a1a8-8a030a9ac734,
CASE_086,Agentic,1,39.747339487075806,0.0,0.1111111111111111,1.0,0.0,False,陰虛火旺（初步傾向）,8e746e1c-31f5-47e9-9bd7-1644d38939ab,
CASE_086,Agentic,2,38.037516593933105,0.0,0.1111111111111111,1.0,0.0,False,陰虛火旺（初步傾向）,8e746e1c-31f5-47e9-9bd7-1644d38939ab,
CASE_086,Agentic,3,37.845189571380615,0.0,0.2222222222222222,1.0,0.0,False,陰虛火旺（初步傾向）,8e746e1c-31f5-47e9-9bd7-1644d38939ab,
CASE_086,Agentic,4,45.52502679824829,0.0,0.3333333333333333,0.0,0.0,False,陰虛火旺（初步傾向）,8e746e1c-31f5-47e9-9bd7-1644d38939ab,
CASE_086,Agentic,5,46.91591668128967,0.0,0.4444444444444444,1.0,0.0,False,陰虛火旺（初步傾向）,8e746e1c-31f5-47e9-9bd7-1644d38939ab,
CASE_086,Agentic,6,46.992751598358154,0.0,0.5555555555555556,1.0,0.0,False,陰虛火旺（初步傾向）,8e746e1c-31f5-47e9-9bd7-1644d38939ab,
CASE_086,Agentic,7,43.09606623649597,0.0,0.6666666666666666,0.0,0.0,True,陰虛火旺（初步傾向）,8e746e1c-31f5-47e9-9bd7-1644d38939ab,
CASE_087,Agentic,1,34.74353742599487,0.0,0.1111111111111111,1.0,0.0,False,風熱犯肺（初步傾向）,8ae7ce96-ea6d-4cdb-b704-a468d6503821,
CASE_087,Agentic,2,40.90272808074951,0.0,0.2222222222222222,1.0,0.0,False,風熱犯肺（初步傾向）,8ae7ce96-ea6d-4cdb-b704-a468d6503821,
CASE_087,Agentic,3,37.68777561187744,0.0,0.2222222222222222,0.0,0.0,False,風熱犯肺（初步傾向）,8ae7ce96-ea6d-4cdb-b704-a468d6503821,
CASE_087,Agentic,4,38.11831736564636,0.0,0.3333333333333333,0.0,0.0,False,風熱犯肺（初步傾向）,8ae7ce96-ea6d-4cdb-b704-a468d6503821,
CASE_087,Agentic,5,36.423930644989014,0.0,0.4444444444444444,0.0,0.0,False,風熱犯肺（初步傾向）,8ae7ce96-ea6d-4cdb-b704-a468d6503821,
CASE_087,Agentic,6,40.63477802276611,0.0,0.5555555555555556,0.0,0.0,False,風熱犯肺（初步傾向）,8ae7ce96-ea6d-4cdb-b704-a468d6503821,
CASE_087,Agentic,7,37.615843296051025,0.0,0.6666666666666666,0.0,0.0,True,風熱犯肺（初步傾向）,8ae7ce96-ea6d-4cdb-b704-a468d6503821,
CASE_088,Agentic,1,5.919940948486328,0.0,0.0,0.0,0.0,False,,826041e9-b625-4cae-aa82-61a4b0e3c5c9,
CASE_088,Agentic,2,7.02392840385437,0.0,0.1111111111111111,0.0,0.0,False,,826041e9-b625-4cae-aa82-61a4b0e3c5c9,
CASE_088,Agentic,3,6.9886157512664795,0.0,0.2222222222222222,0.0,0.0,False,,826041e9-b625-4cae-aa82-61a4b0e3c5c9,
CASE_088,Agentic,4,6.774091720581055,0.0,0.3333333333333333,0.0,0.0,False,,826041e9-b625-4cae-aa82-61a4b0e3c5c9,
CASE_088,Agentic,5,6.882534027099609,0.0,0.4444444444444444,0.0,0.0,False,,826041e9-b625-4cae-aa82-61a4b0e3c5c9,
CASE_088,Agentic,6,6.700411319732666,0.0,0.5555555555555556,0.0,0.0,False,,826041e9-b625-4cae-aa82-61a4b0e3c5c9,
CASE_088,Agentic,7,8.879707336425781,0.0,0.7777777777777778,0.0,0.0,False,,826041e9-b625-4cae-aa82-61a4b0e3c5c9,
CASE_089,Agentic,1,5.808232545852661,0.0,0.0,0.0,0.0,False,,c1175cdf-d945-4d27-b6e9-0f7a86a73f4b,
CASE_089,Agentic,2,6.824122190475464,0.0,0.1111111111111111,0.0,0.0,False,,c1175cdf-d945-4d27-b6e9-0f7a86a73f4b,
CASE_089,Agentic,3,39.49199390411377,0.0,0.2222222222222222,1.0,0.0,False,帶下病（濕熱下注）（初步傾向）,c1175cdf-d945-4d27-b6e9-0f7a86a73f4b,
CASE_089,Agentic,4,49.96487307548523,0.0,0.3333333333333333,1.0,0.0,False,帶下病（濕熱下注）（初步傾向）,c1175cdf-d945-4d27-b6e9-0f7a86a73f4b,
CASE_089,Agentic,5,41.75662660598755,0.0,0.4444444444444444,1.0,0.0,False,帶下病（濕熱下注）（初步傾向）,c1175cdf-d945-4d27-b6e9-0f7a86a73f4b,
CASE_089,Agentic,6,42.294780015945435,1.0,0.5555555555555556,1.0,0.0,False,心脾兩虛（初步傾向）,c1175cdf-d945-4d27-b6e9-0f7a86a73f4b,
CASE_089,Agentic,7,41.62477779388428,1.0,0.6666666666666666,1.0,0.0,True,心脾兩虛（初步傾向）,c1175cdf-d945-4d27-b6e9-0f7a86a73f4b,
CASE_090,Agentic,1,37.13363695144653,0.0,0.1,1.0,0.0,False,心火旺（初步傾向）,1afc0bdf-83dc-44ad-9488-301dc851e92f,
CASE_090,Agentic,2,39.86256170272827,0.0,0.2,2.0,0.0,False,心火旺（初步傾向）,1afc0bdf-83dc-44ad-9488-301dc851e92f,
CASE_090,Agentic,3,39.11825466156006,0.0,0.3,2.0,0.0,False,濕熱（初步傾向）,1afc0bdf-83dc-44ad-9488-301dc851e92f,
CASE_090,Agentic,4,34.49730038642883,0.0,0.4,2.0,0.0,False,濕熱（初步傾向）,1afc0bdf-83dc-44ad-9488-301dc851e92f,
CASE_090,Agentic,5,40.435786724090576,0.0,0.5,2.0,0.0,False,濕熱（初步傾向）,1afc0bdf-83dc-44ad-9488-301dc851e92f,
CASE_090,Agentic,6,39.710084199905396,0.0,0.6,2.0,0.0,False,濕熱（初步傾向）,1afc0bdf-83dc-44ad-9488-301dc851e92f,
CASE_090,Agentic,7,40.710981130599976,0.0,0.6,1.0,0.0,True,火熱（初步傾向）,1afc0bdf-83dc-44ad-9488-301dc851e92f,
CASE_091,Agentic,1,6.747195243835449,0.0,0.0,0.0,0.0,False,,63c16bb8-9a22-41da-8453-1b614c70f4e9,
CASE_091,Agentic,2,5.825890302658081,0.0,0.14285714285714285,0.0,0.0,False,,63c16bb8-9a22-41da-8453-1b614c70f4e9,
CASE_091,Agentic,3,6.847818374633789,0.0,0.2857142857142857,0.0,0.0,False,,63c16bb8-9a22-41da-8453-1b614c70f4e9,
CASE_091,Agentic,4,6.472193241119385,0.0,0.42857142857142855,0.0,0.0,False,,63c16bb8-9a22-41da-8453-1b614c70f4e9,
CASE_091,Agentic,5,34.71844458580017,0.0,0.5714285714285714,1.0,0.0,False,濕熱證型（初步傾向）,63c16bb8-9a22-41da-8453-1b614c70f4e9,
CASE_091,Agentic,6,37.80933737754822,0.0,0.7142857142857143,1.0,0.0,False,濕熱證型（初步傾向）,63c16bb8-9a22-41da-8453-1b614c70f4e9,
CASE_091,Agentic,7,34.55360126495361,0.0,0.8571428571428571,1.0,0.0,True,濕熱證型（初步傾向）,63c16bb8-9a22-41da-8453-1b614c70f4e9,
CASE_092,Agentic,1,40.81711769104004,0.0,0.0,1.0,0.0,False,血虛氣滯（初步傾向）,c28b7d21-7b8b-4adb-a5ba-09270fffb823,
CASE_092,Agentic,2,42.26306176185608,0.0,0.125,0.0,0.0,False,血虛氣滯（初步傾向）,c28b7d21-7b8b-4adb-a5ba-09270fffb823,
CASE_092,Agentic,3,38.04310631752014,0.0,0.25,0.0,0.0,False,血虛氣滯（初步傾向）,c28b7d21-7b8b-4adb-a5ba-09270fffb823,
CASE_092,Agentic,4,43.997116565704346,0.0,0.375,0.0,0.0,False,血虛氣滯（初步傾向）,c28b7d21-7b8b-4adb-a5ba-09270fffb823,
CASE_092,Agentic,5,46.0843780040741,0.0,0.5,0.0,0.0,False,血虛氣滯（初步傾向）,c28b7d21-7b8b-4adb-a5ba-09270fffb823,
CASE_092,Agentic,6,43.411160469055176,0.0,0.625,0.0,0.0,False,血虛氣滯（初步傾向）,c28b7d21-7b8b-4adb-a5ba-09270fffb823,
CASE_092,Agentic,7,46.57493710517883,0.0,0.75,0.0,0.0,True,血虛氣滯（初步傾向）,c28b7d21-7b8b-4adb-a5ba-09270fffb823,
CASE_093,Agentic,1,37.778990268707275,0.0,0.0,1.0,0.0,False,帶下病（濕熱下注）（初步傾向）,9d0918e2-2af3-49b9-80de-46ebb4060616,
CASE_093,Agentic,2,53.120107889175415,0.0,0.1111111111111111,1.0,0.0,False,帶下病（濕熱下注）（初步傾向）,9d0918e2-2af3-49b9-80de-46ebb4060616,
CASE_093,Agentic,3,40.088558197021484,0.0,0.2222222222222222,1.0,0.0,False,帶下病（濕熱下注）（初步傾向）,9d0918e2-2af3-49b9-80de-46ebb4060616,
CASE_093,Agentic,4,48.95120620727539,0.0,0.3333333333333333,1.0,0.0,False,帶下病（濕熱下注）（初步傾向）,9d0918e2-2af3-49b9-80de-46ebb4060616,
CASE_093,Agentic,5,52.81381845474243,0.0,0.4444444444444444,1.0,0.0,False,帶下病（濕熱下注）（初步傾向）,9d0918e2-2af3-49b9-80de-46ebb4060616,
CASE_093,Agentic,6,44.30116367340088,0.0,0.5555555555555556,2.0,0.0,False,濕證（初步傾向）,9d0918e2-2af3-49b9-80de-46ebb4060616,
CASE_093,Agentic,7,53.82073450088501,0.0,0.6666666666666666,1.0,0.0,True,濕證（初步傾向）,9d0918e2-2af3-49b9-80de-46ebb4060616,
CASE_094,Agentic,1,6.890290260314941,0.0,0.0,0.0,0.0,False,,68a8eb96-a976-47d3-8004-bbf2e6a329ef,
CASE_094,Agentic,2,9.130014181137085,0.0,0.1111111111111111,0.0,0.0,False,,68a8eb96-a976-47d3-8004-bbf2e6a329ef,
CASE_094,Agentic,3,11.488942384719849,0.0,0.2222222222222222,0.0,0.0,False,,68a8eb96-a976-47d3-8004-bbf2e6a329ef,
CASE_094,Agentic,4,7.397161960601807,0.0,0.3333333333333333,0.0,0.0,False,,68a8eb96-a976-47d3-8004-bbf2e6a329ef,
CASE_094,Agentic,5,7.525052309036255,0.0,0.4444444444444444,0.0,0.0,False,,68a8eb96-a976-47d3-8004-bbf2e6a329ef,
CASE_094,Agentic,6,7.3595147132873535,0.0,0.5555555555555556,0.0,0.0,False,,68a8eb96-a976-47d3-8004-bbf2e6a329ef,
CASE_094,Agentic,7,46.6605007648468,0.0,0.6666666666666666,1.0,0.0,True,帶下病（濕熱下注）（初步傾向）,68a8eb96-a976-47d3-8004-bbf2e6a329ef,
CASE_095,Agentic,1,41.07337260246277,0.0,0.0,1.0,0.0,False,濕熱證型（暫以此證型為主要方向，現有資訊不足）,a80f75fe-f61e-470b-81d4-d661fec55450,
CASE_095,Agentic,2,45.02669811248779,0.0,0.1111111111111111,0.0,0.0,False,濕熱證型（初步傾向）,a80f75fe-f61e-470b-81d4-d661fec55450,
CASE_095,Agentic,3,47.119481325149536,0.0,0.2222222222222222,0.0,0.0,False,濕熱證型（初步傾向）,a80f75fe-f61e-470b-81d4-d661fec55450,
CASE_095,Agentic,4,44.91386008262634,0.0,0.3333333333333333,0.0,0.0,False,濕熱證型（初步傾向）,a80f75fe-f61e-470b-81d4-d661fec55450,
CASE_095,Agentic,5,55.10177803039551,0.0,0.4444444444444444,0.0,0.0,False,濕熱證型（初步傾向）,a80f75fe-f61e-470b-81d4-d661fec55450,
CASE_095,Agentic,6,48.987088441848755,0.0,0.5555555555555556,0.0,0.0,False,濕熱證型（初步傾向）,a80f75fe-f61e-470b-81d4-d661fec55450,
CASE_095,Agentic,7,43.16172933578491,0.0,0.6666666666666666,0.0,0.0,True,氣虛血瘀證型（初步傾向）,a80f75fe-f61e-470b-81d4-d661fec55450,
CASE_096,Agentic,1,49.46218991279602,0.0,0.0,0.0,0.0,False,肝鬱化火（初步傾向）,0b599bde-7e26-4245-98bd-47eb0d96f87e,
CASE_096,Agentic,2,64.97803235054016,0.0,0.1111111111111111,0.0,0.0,False,肝鬱化火（初步傾向）,0b599bde-7e26-4245-98bd-47eb0d96f87e,
CASE_096,Agentic,3,60.037315368652344,0.0,0.2222222222222222,0.0,0.0,False,肝鬱化火（初步傾向）,0b599bde-7e26-4245-98bd-47eb0d96f87e,
CASE_096,Agentic,4,59.14809036254883,0.0,0.3333333333333333,0.0,0.0,False,肝鬱化火（初步傾向）,0b599bde-7e26-4245-98bd-47eb0d96f87e,
CASE_096,Agentic,5,59.48923087120056,0.0,0.4444444444444444,0.0,0.0,True,肝鬱化火（初步傾向）,0b599bde-7e26-4245-98bd-47eb0d96f87e,
CASE_097,Agentic,1,53.777076721191406,0.0,0.0,1.0,0.0,False,氣虛血虛（初步傾向）,bb26c365-cd5b-433b-af26-1225c8173739,
CASE_097,Agentic,2,45.261677503585815,0.0,0.125,1.0,0.0,False,氣虛血虛（初步傾向）,bb26c365-cd5b-433b-af26-1225c8173739,
CASE_097,Agentic,3,46.44621014595032,0.0,0.25,1.0,0.0,False,氣虛血虛（初步傾向）,bb26c365-cd5b-433b-af26-1225c8173739,
CASE_097,Agentic,4,44.854084491729736,0.0,0.375,1.0,0.0,False,濕熱下注（初步傾向）,bb26c365-cd5b-433b-af26-1225c8173739,
CASE_097,Agentic,5,47.09997367858887,0.0,0.5,1.0,0.0,False,氣虛血虛（初步傾向）,bb26c365-cd5b-433b-af26-1225c8173739,
CASE_097,Agentic,6,59.71627116203308,0.0,0.625,1.0,0.0,False,氣虛血虛（初步傾向）,bb26c365-cd5b-433b-af26-1225c8173739,
CASE_097,Agentic,7,45.19920516014099,0.0,0.75,1.0,0.0,True,濕熱下注（初步傾向）,bb26c365-cd5b-433b-af26-1225c8173739,
CASE_098,Agentic,1,54.70875310897827,0.0,0.0,0.0,0.0,False,暫以脾虛濕困為主要方向（資訊不足）,e6bec2a9-2b55-4ed2-aa80-25d36e2f5e64,
CASE_098,Agentic,2,52.083463191986084,0.0,0.1111111111111111,1.0,0.0,False,肝氣犯胃（初步傾向）,e6bec2a9-2b55-4ed2-aa80-25d36e2f5e64,
CASE_098,Agentic,3,50.69226884841919,0.0,0.2222222222222222,0.0,0.0,False,脾虛濕困（初步傾向）,e6bec2a9-2b55-4ed2-aa80-25d36e2f5e64,
CASE_098,Agentic,4,55.812297344207764,0.0,0.3333333333333333,0.0,0.0,False,脾虛濕困（初步傾向）,e6bec2a9-2b55-4ed2-aa80-25d36e2f5e64,
CASE_098,Agentic,5,45.32294416427612,0.0,0.4444444444444444,0.0,0.0,False,肝鬱氣滯（初步傾向）,e6bec2a9-2b55-4ed2-aa80-25d36e2f5e64,
CASE_098,Agentic,6,51.19011378288269,0.0,0.5555555555555556,0.0,0.0,False,肝氣犯胃（初步傾向）,e6bec2a9-2b55-4ed2-aa80-25d36e2f5e64,
CASE_098,Agentic,7,48.836442708969116,0.0,0.6666666666666666,0.0,0.0,True,肝氣犯胃（初步傾向）,e6bec2a9-2b55-4ed2-aa80-25d36e2f5e64,
CASE_099,Agentic,1,40.82149577140808,0.0,0.0,1.0,0.0,False,脾虛（暫以此證型為主要方向，現有資訊不足）,25504c9e-6147-4a64-a1a1-d7e7c6e45298,
CASE_099,Agentic,2,40.26184368133545,0.0,0.125,1.0,0.0,False,脾虛（暫以此證型為主要方向，現有資訊不足）,25504c9e-6147-4a64-a1a1-d7e7c6e45298,
CASE_099,Agentic,3,40.16813540458679,0.0,0.25,2.0,0.0,False,脾虛（初步傾向）,25504c9e-6147-4a64-a1a1-d7e7c6e45298,
CASE_099,Agentic,4,46.27866888046265,0.0,0.375,1.0,0.0,False,脾虛（初步傾向）,25504c9e-6147-4a64-a1a1-d7e7c6e45298,
CASE_099,Agentic,5,45.544151306152344,0.0,0.5,1.0,0.0,False,脾虛（初步傾向）,25504c9e-6147-4a64-a1a1-d7e7c6e45298,
CASE_099,Agentic,6,43.634812116622925,0.0,0.625,1.0,0.0,False,脾虛（初步傾向）,25504c9e-6147-4a64-a1a1-d7e7c6e45298,
CASE_099,Agentic,7,35.41262435913086,0.0,0.75,1.0,0.0,True,脾虛（初步傾向）,25504c9e-6147-4a64-a1a1-d7e7c6e45298,
CASE_100,Agentic,1,35.768728256225586,0.0,0.0,1.0,0.0,False,氣血虧虛（初步傾向）,5474564a-d823-4d2f-ba55-0f6095ba2396,
CASE_100,Agentic,2,37.88378143310547,0.0,0.1111111111111111,1.0,0.0,False,氣血虧虛（初步傾向）,5474564a-d823-4d2f-ba55-0f6095ba2396,
CASE_100,Agentic,3,38.43849015235901,0.0,0.2222222222222222,0.0,0.0,False,氣血虧虛（初步傾向）,5474564a-d823-4d2f-ba55-0f6095ba2396,
CASE_100,Agentic,4,38.404743909835815,0.0,0.3333333333333333,0.0,0.0,False,氣血虧虛（初步傾向）,5474564a-d823-4d2f-ba55-0f6095ba2396,
CASE_100,Agentic,5,39.0208957195282,0.0,0.4444444444444444,0.0,0.0,False,氣血虧虛（初步傾向）,5474564a-d823-4d2f-ba55-0f6095ba2396,
CASE_100,Agentic,6,33.325305223464966,0.0,0.5555555555555556,0.0,0.0,False,氣血虧虛（初步傾向）,5474564a-d823-4d2f-ba55-0f6095ba2396,
CASE_100,Agentic,7,42.21041917800903,0.0,0.6666666666666666,0.0,0.0,True,氣血虧虛（初步傾向）,5474564a-d823-4d2f-ba55-0f6095ba2396,
